"","group_iTreg","group_Th17","group_Th2","group_Th0"
"DUSP4",1.18936841352435,-0.229693085091909,-1.40806540966131,-0.779526666587216
"BHLHE40",1.05132627591684,-0.500450774790447,-1.14967446712593,NA
"DHRS3",0.698535070626811,-0.577916292259422,-0.300410803097046,NA
"LDHA",0.52912970333179,-0.328286781182712,-0.230475735132617,-0.196558416403894
"DNAJC12",0.912572674218343,NA,-1.1229048003346,-0.78617481583022
"MT-CYB",-0.873510297864711,0.160345550599135,0.505532804694052,0.389959544798499
"MT-ATP6",-0.813645435205829,-0.1191921215521,0.658505382600997,0.527729102784464
"CTLA4",0.71754959084689,-0.441826146354824,-0.348369245184863,-0.271382966998084
"BATF3",-0.838736531499168,0.258185866401307,0.865746220001885,-0.547927575591287
"ANKRD37",0.656026416183104,NA,-0.741424545493256,-0.428089411693884
"GAPDH",0.427420935034979,NA,-0.595061264250154,NA
"SATB1",-0.72305209310898,-0.130486461311639,0.77530470846069,0.248408853058478
"GSTO1",0.565708472194878,NA,-0.579499427073134,-0.567837944953594
"VIM",0.719429196843527,0.113136701204999,-1.3442970870989,-0.322347421392911
"CYTIP",0.643797518281404,-0.175136355741148,-0.79744460501699,NA
"LAPTM5",0.529716979463222,-0.169050621715006,-0.50292498998059,-0.142530327652174
"IVNS1ABP",0.732388872681972,0.103102237086669,-1.03781625061343,-0.654059021564976
"MT-CO2",-0.632697095204636,0.264833174320043,0.24890841128622,0.246523946984619
"OXNAD1",0.512007111422441,-0.497226854995777,-0.449644267846522,0.370563504199601
"RNF213",-0.688225411979293,0.320358287202559,0.240157068269085,0.239809132061584
"RGS1",0.687129150449627,-0.372196347521181,-0.612686932996319,NA
"AC092580.4",-0.68752763532846,-0.710910504854517,1.1302708625301,0.438425026841821
"MT-CO3",-0.668740358881406,0.151424605781667,0.421561507280041,0.250451538465611
"CCL5",0.430553695645039,0.236439457195508,-1.13366613146373,NA
"PMEPA1",0.280162926463375,NA,-0.238090338064905,-0.223357175752247
"HILPDA",0.508055938730187,-0.488399797517072,0.242003754304593,-0.65288116042766
"RDX",0.674934216961492,NA,-0.814501280401704,-0.501747506248266
"FDX1",0.648012466906303,-0.301857972696098,-0.41280452716393,-0.282186971785169
"FOXP3",0.32210251477433,-0.137483109425968,-0.184361538103477,-0.153147871551427
"HOPX",-0.635266432519776,0.478618746208988,0.182281727039937,NA
"PGM2L1",0.534110920944796,-0.197494597347327,-0.256784620474114,-0.44292515929196
"GNPTAB",0.549964422075777,-0.397761268722039,-0.209719313875749,-0.145117873432285
"SAMSN1",0.628591220379122,-0.435396578770021,-0.539445979226372,0.150020257467772
"MT-ND3",-0.588304429214301,0.619994552189396,-0.190079471966678,NA
"EVI2A",0.508187427350483,-0.131205786021848,-0.400644153914913,-0.303561549650863
"MRPS26",-0.836839108259723,-0.391171934273855,1.49302989299073,-0.645160982411596
"UBE2B",0.48275005906101,-0.202372707374582,-0.316234230928342,-0.211453042216241
"MIF",0.403628634746984,0.273575163142446,-0.97325232363186,-0.254808564559198
"OCIAD2",0.47376820155489,0.189918298718831,-0.70048264286824,-0.561789846560685
"ENO2",0.467354696520799,NA,-0.524095542938641,-0.263042591356976
"LAT",0.491220580483411,-0.257032564840981,-0.103245900911546,-0.450117168406739
"RALA",0.430629985728507,0.227428902921856,-0.734074169409036,-0.492747245800719
"RHOG",0.457376716495397,-0.110618619760215,-0.523359151116564,NA
"BTG1",0.465327554128841,0.372673524556523,-1.13597968775005,-0.489940451995884
"PPFIBP1",0.293550461998934,-0.324562675685799,-0.284544598881006,0.345745644507506
"APOBEC3H",0.492680518296698,0.194587176073944,-0.730594511170299,-0.58730492450205
"MT-ND5",-0.553303389951038,NA,0.549720516436116,0.186322515501155
"SLC2A3",0.471153853088676,-0.229418696909004,-0.493422112033807,NA
"WDR54",0.358717346081193,NA,-0.323093795449849,-0.229771280869213
"BNIP3L",0.445980496384648,-0.282195975422359,-0.333173931908166,NA
"NR3C1",0.506583659859983,-0.325835341995253,-0.225293861850004,-0.155427903582057
"PHTF2",0.355487337304843,-0.24505660113683,-0.156957746363516,NA
"WSB1",0.483390177513543,-0.272342173165177,-0.333788114643587,NA
"PPP1R2",0.427127793649121,-0.107598300970346,-0.285769594382153,-0.566465982410097
"BEND5",0.459127479896601,-0.214627426410083,-0.266059688401072,-0.201373530816354
"PNRC1",0.39743167096464,-0.307400654264539,-0.302650421519941,0.145692780082331
"HERC5",-0.552311439305729,0.520575496316367,-0.318974884650625,0.366952944417768
"LST1",0.423628137784505,-0.300504382298398,-0.434785212224437,0.231156715821688
"GEM",0.312263221664565,-0.125728077201772,-0.19785010109373,-0.134902759361369
"APOD",0.797007316600389,-0.291285305030288,-0.569522097291766,-0.481710631568164
"LINC00152",0.492435635311101,NA,-0.470452912149388,-0.290878302434392
"MAL",-0.539520004746943,-0.394022051166069,0.64811589498232,0.571751886814055
"RGS10",0.371226478754928,NA,-0.370393853549212,-0.272384279952536
"INPP5F",0.406502982963277,NA,-0.398578098711796,-0.311058549765615
"AIM2",-0.272367519613637,NA,0.35887857357025,NA
"NDFIP1",0.393882899318007,NA,-0.373729939032344,-0.351428354513799
"MT-CO1",-0.35294131397257,0.160050781462238,0.155039496673997,0.126937103872878
"TSC22D3",0.377460316580692,-0.206486062769454,-0.249420344619673,NA
"CACYBP",0.388152406387485,-0.165930339971085,-0.194677348534972,-0.234821416812222
"WDR45B",0.369574570353158,-0.133730026029022,-0.272460545318317,-0.14470437220579
"RPS6KA5",-0.250788375915334,NA,0.242450513417361,0.281490643201728
"ATP1B1",0.436654141013827,NA,-0.414904832986458,-0.335465266284313
"RSBN1",0.297519234069617,-0.177349665202242,NA,-0.215328034702844
"HNRNPAB",-0.446369786201956,NA,0.387971845798344,0.250953749109625
"RNF125",-0.572598681949134,-0.60869941148153,1.25706571348295,-0.123831384986628
"PIK3IP1",0.3872830767491,NA,-0.307151434719558,-0.313682773530822
"VDAC1",0.301048296879794,NA,-0.361870779296509,-0.203229008884607
"LMCD1",0.270890127113267,NA,-0.182872312835669,-0.167270365061877
"ARPC1B",-0.419951810102276,-0.152278913173765,0.484119566884384,0.290682402900305
"FXYD5",0.319623449345422,NA,-0.563333596858415,NA
"SELL",0.486843492487219,NA,-0.7274641805714,-0.165895606359233
"PARP1",-0.407111929741727,NA,0.374811191017819,0.217647215000263
"LGALS1",0.47787110015633,0.143236766838225,-0.684054822091182,-0.473980583356352
"ZFP36L2",0.487600862280714,-0.41015990717503,-0.255891953683631,NA
"CFLAR",0.395930831407104,0.294329655074314,-0.762183860364502,-0.535807871403684
"CD44",0.431836804793579,0.12950122429439,-0.665391138811746,-0.342551189549547
"IL2RA",0.503276898701865,-0.246828523923966,-0.514609683374657,NA
"RGCC",0.463908489205801,0.816306131581356,-1.53045684956791,-1.64677194402719
"TRBC2",0.512555526426153,NA,-0.75802139816293,-0.114284207999352
"C4orf3",0.327794434694723,NA,-0.438019638800341,NA
"LBR",-0.38412758436758,-0.156149114687458,0.493171540866765,0.226831797245326
"TNFAIP8",0.437303814909739,NA,-0.584442378838377,-0.286226925612425
"MT-ND4",-0.310878767341921,0.132291476903421,0.169769232167741,0.28355669565239
"SDF2L1",-0.36557484460443,NA,0.479440303676454,NA
"CLK1",0.363072661404484,0.108878562859177,-0.448978735405909,-0.410698301682838
"AIMP1",0.33184455186639,-0.105524488407624,-0.154451879111305,-0.287190770517721
"PPM1K",-0.341255998643497,0.126209991514243,NA,0.299278921039238
"CNPY2",-0.311309012365295,NA,0.14753934076477,0.26311481457229
"BNIP3",0.386836783165423,-0.282195975422359,-0.292706313689955,-0.379662266571147
"ITM2A",0.371116867939734,-0.317145210652884,-0.190724012418441,NA
"H3F3A",-0.520751163380083,0.139248108922066,0.297828913180656,0.231339559839804
"COX20",0.339631908654851,-0.107484639890539,-0.170748044639994,-0.276645319174004
"LPXN",0.342217784942057,-0.175929576066541,-0.230446982524132,NA
"DYNLT1",-0.353235795709013,NA,0.187029408940588,0.340927809494181
"GLIPR1",0.299606742077975,NA,-0.305621429891849,-0.174550024505065
"RAB8B",0.471709257688004,-0.450400997057994,NA,NA
"PRKDC",-0.380305311413559,NA,0.342119098149296,0.273127961241165
"DDX46",-0.333564025341272,0.105320624386116,0.197946599262142,0.13278753071586
"CLK3",0.270038380136719,-0.133299016796642,-0.177141842351942,NA
"ADTRP",0.373954379830003,NA,-0.350716629536823,-0.365869495882183
"FMNL1",0.32061416486908,-0.18903406964948,-0.222914792985801,NA
"DDIT4",0.436649546612021,0.269479059232931,-0.679063182826956,-0.706763346115618
"PCBP1",0.292870101232742,NA,-0.343197490689403,-0.106811962066065
"EIF4A2",0.302276089701813,-0.147503953455629,-0.142324260370209,-0.149232864213165
"EIF4B",-0.385197195993819,-0.114733370335764,0.466856270567275,0.200696436236798
"LGALS9",0.35659130429604,-0.117483952533599,-0.471067589723692,NA
"PPP1R14A",-0.236447997397436,-0.220644637747592,0.632281716802448,-0.166082047251696
"LINC01281",0.277068092115104,-0.155409985579892,NA,-0.160718795692458
"NELL2",0.274921202114637,NA,-0.307450114910562,-0.18056891926472
"LGALS3",0.400720590198239,0.471643450191648,-1.01179834506721,-0.732765753420064
"RABGAP1L",0.323584418946401,-0.179324181163332,-0.187193288708687,NA
"IL2RG",0.266891154140292,-0.182139776970552,-0.406850259681171,0.306703419359693
"EIF3A",-0.376794873753985,-0.128522397603797,0.379307561610092,0.338515532898826
"AHCYL2",0.280524262425815,0.268294095513231,-0.528266282922714,-0.476522589331391
"CCDC85B",-0.430280158054165,0.104532616820949,0.189640872146544,0.301942601612103
"RPS29",0.188734973235098,NA,-0.418210185856526,NA
"YBX1",-0.320908825393185,-0.175190324934945,0.469571794170339,0.191104954472499
"PAIP2",0.335008192462147,NA,-0.345523519234037,-0.183406265247349
"EPS8L2",0.382109646852723,NA,-0.40127592158879,-0.308985338250691
"SLC37A3",-0.273364833212082,-0.115167357893487,0.487848175650543,NA
"MALT1",0.435036289221646,NA,-0.589291964171742,NA
"BZW1",0.408501824440292,NA,-0.428203767140278,-0.373627565701549
"NRN1",0.3451071830155,-0.200114673644197,-0.272328643429011,NA
"SNX9",0.398288089987628,-0.339281188481285,-0.164648173337178,NA
"BRK1",0.313454443247092,-0.231953168991747,-0.100278837173794,NA
"IKZF4",0.206309646141169,NA,-0.155024349821832,-0.140398721027523
"TXNRD1",-0.275046747327484,NA,0.256823011805563,0.264129033335896
"S100A4",-0.504695054219956,0.709833847880871,-0.32124605297102,NA
"HERC3",0.268438882923676,-0.230202395255414,NA,NA
"ORAI2",-0.241826968824042,0.119747232203243,NA,0.261473438183993
"TPI1",0.287654144750255,NA,-0.358115721042858,NA
"PRDX5",-0.28397812850682,0.119600171185179,0.283620602768246,-0.120603364696178
"OST4",0.235301408209202,NA,-0.27710079857242,NA
"RRS1",-0.469120918776986,-0.402831076467945,1.09587162959074,-0.332427836108195
"AKAP12",-0.288523035617033,NA,0.413511200173342,-0.210918983506303
"YAF2",0.291182571795435,NA,-0.289426427386045,-0.180358028814961
"FAM210A",0.31939317070757,-0.264166424441574,-0.114700606674611,NA
"LSM12",0.27768707890059,-0.173734696561825,NA,-0.123581685286835
"RBBP7",-0.293370892043758,0.118247680485361,0.226850500053651,NA
"PPP1CA",-0.313227418424662,NA,0.195144409510234,0.295233613815125
"SPRY1",0.229240546785309,-0.136241662493595,-0.113824440031509,NA
"LAMTOR5",0.255095720678462,-0.101655412058883,-0.207368763794544,NA
"RBMX",-0.278007900427247,NA,0.205570111494787,0.211942118597855
"NFKB1",0.302317003001902,-0.249564603173335,-0.131386196824662,NA
"TNFRSF18",0.352582568557123,-0.180164751611102,-0.223932653591028,NA
"SPINT2",-0.414403733384514,-0.190009085934038,0.836467686027873,-0.286713991395789
"MT-ND2",-0.347831997843574,0.297437746137072,NA,NA
"NEK7",0.245224957791576,-0.209176997322281,-0.108375653344907,NA
"MT2A",0.13939260149695,0.697988616281041,-0.962748268766097,-0.703712425690898
"UNQ6494",0.213537989379516,-0.265761031464473,NA,0.115873097366501
"NOB1",0.26413619197791,-0.17253833269753,NA,-0.170480371006966
"CLIP1",-0.313958359102028,NA,0.185666694724653,0.180366707021263
"CSNK1G3",0.296165776017189,-0.120780345625745,-0.202771830533396,-0.101796034767596
"RPS10",-0.20925781745293,-0.211893935833036,0.360234660317956,0.228870184400276
"IKZF1",-0.295087372671803,-0.274539489368776,0.473934105500288,0.29991356344684
"RIMKLA",0.292312239761043,-0.103061390631806,-0.200449488969284,-0.131290354080487
"UBC",0.306725499582846,NA,-0.490191161589993,-0.139452246851955
"STAMBP",0.29555167526953,NA,-0.334523659883054,-0.220336614947624
"ALDOA",0.220100848217545,NA,-0.193957591051855,NA
"RPS16",-0.157847386536461,NA,0.264228244017239,NA
"RGS16",0.421264340022754,0.185769209554913,-0.53902459463824,-0.637662447316078
"PIM3",0.414261703895767,NA,-0.401906687555404,-0.442082016758762
"HNRNPM",-0.316376582512775,NA,0.31088287091583,0.120408280912882
"TRAF3IP3",0.367438138617977,-0.617209122997265,NA,0.327239179303214
"MRPS6",0.285082670012669,-0.164218057070751,NA,-0.154352462447656
"CCNG2",0.266056287487054,-0.141067520035753,-0.123212440165391,-0.108641154201776
"SOCS3",-0.287856396407063,0.3654949415452,NA,NA
"CSGALNACT1",0.127512756419399,NA,NA,NA
"SYTL3",-0.512040636218263,-0.475775922899539,0.865236665233783,0.318474505549455
"WHSC1L1",0.316995220188219,-0.466413615239386,NA,0.107142787815935
"SIRPG",0.278583552339123,-0.302277884494745,NA,NA
"XAF1",-0.327438809161659,NA,-0.227657317643414,0.682371783226777
"STK38L",0.246429463520611,NA,-0.194703302207137,-0.177402460561431
"ARF6",0.303916333623561,NA,-0.287286986590233,-0.182515917952806
"CISD3",-0.239815043319901,NA,0.202821319294076,NA
"C19orf43",-0.290776221390583,0.110151330054279,NA,0.265032409921285
"HNRNPDL",0.252323042292299,-0.152084429100072,-0.100945371426961,NA
"CPSF6",-0.237015997813997,0.111626788270298,0.164741060192447,NA
"P2RY10",0.227001930155638,-0.208486881014504,-0.126742311068085,0.100269438579452
"FKBP5",-0.211030788527634,NA,0.101878816648844,0.123477175318389
"CLEC2D",0.36164914165368,-0.411737442694596,-0.204518599241313,0.261721551133133
"ADM",0.311787024741062,NA,-0.445056427657089,-0.241370198589252
"RP5-1171I10.5",-0.318818329888051,NA,0.224295082788847,0.306752056349658
"HDAC1",-0.292434344116086,NA,0.243827627934413,NA
"DIXDC1",0.26109577627193,0.221708925069575,-0.362110340692021,-0.558249700570182
"PJA2",0.279313028405772,-0.232145534185695,-0.180521270588283,0.105967987322526
"FOXP1",0.25901531915083,-0.181077557692614,-0.105975248062487,NA
"SRSF10",-0.287233988114761,NA,0.189793460399496,0.189258777698222
"PTK2",0.172131337469569,NA,-0.119323128239527,-0.144674859646397
"PKIA",0.230556569873184,NA,-0.152444877952653,NA
"TIMP1",-0.805103087486259,1.40879428432596,-0.652923712255571,-0.924931412313826
"OLFM2",0.172972428069296,NA,-0.161839359113887,NA
"LIMA1",-0.709973909037596,-1.10046384853054,1.67570229409424,NA
"PSMA4",-0.314597238289261,NA,0.273154184337368,0.139022201603107
"HLA-A",0.248521923109642,0.102918376254492,-0.566335584813291,NA
"TNFRSF8",-0.149684647889316,0.236759952870597,NA,-0.117575133790025
"SNHG7",0.279708458186865,-0.198065148275581,NA,-0.236949636736427
"DPP4",-0.187972893088757,NA,NA,0.428214741937937
"CD247",0.281628018602304,-0.312188147521317,-0.10556274485162,0.138886812771269
"TAGAP",0.411661417266786,-0.267072877178885,-0.20123993295133,NA
"INSIG2",0.31579135291373,NA,-0.306791081530908,-0.108595128753588
"H2AFZ",-0.400077320442934,0.661799217821474,-0.285723758764918,-0.218287001100008
"PLIN2",0.195944945730571,0.250248883102961,-0.5558170592147,-0.187015120929934
"SLC16A1-AS1",-0.185008206321981,NA,NA,0.122021072510495
"MLLT3",0.248831560110874,-0.163981532817611,-0.31657005367086,0.213331306617505
"EVI2B",0.249119813054594,-0.199317639795963,NA,-0.200268833820211
"TPM4",-0.362535923577909,NA,0.306449790218106,0.140577379143238
"FASN",-0.111275218761562,NA,NA,NA
"LRRFIP1",-0.255659371874432,NA,0.337929320392699,0.10603161236172
"VAMP4",0.275562574105649,NA,-0.245980508186152,NA
"NKG7",-0.501458598117823,NA,0.418377953515731,0.199239762597085
"FKBP11",-0.289021280038921,0.176081062291305,0.131583706145088,NA
"TIMD4",-0.133365664346852,NA,NA,NA
"MBIP",0.208140959483772,NA,NA,-0.207317898229805
"HNRNPA2B1",-0.339155959067989,-0.108907761602921,0.40758465443252,0.20611840820418
"GABPB1-AS1",-0.350775887559936,-0.106690719167861,0.396617152091681,0.237773470352145
"NFKBIA",0.597155356675651,0.20633054648835,-0.784236189135353,-0.8774359501269
"ANKRD36C",-0.251144996927372,NA,0.225276951740559,0.303578279159523
"NOP56",-0.312869700619885,NA,0.27378827749489,0.107457242921118
"CD82",0.348070282409684,NA,-0.323366894068383,-0.204831664066317
"MAT2A",-0.207824493886426,NA,0.125542362509548,0.108989073159626
"FTL",-0.321827894001872,0.378150438051264,-0.256229858488063,0.2014641542675
"PLPP5",0.261529993323697,-0.144494894835629,-0.112903093875919,-0.106928360859193
"CORO1B",0.322756699976738,-0.115634518972947,-0.24423799238138,-0.113568129380751
"ZNF106",-0.227492585339846,NA,0.320043542296164,0.107842525555806
"RPL6",-0.257863393966384,-0.128564613045041,0.414958335359182,NA
"GNG2",0.307736091422847,-0.119161336696799,-0.396531821618643,0.114914463711939
"SERBP1",-0.246242173269755,-0.173483300573309,0.324500376754275,0.280457640946597
"DYNLL1",-0.413989111188011,0.196235582529723,0.140692064228913,0.182330223759886
"RPS4Y1",-0.255893554039127,-0.285452258859454,0.38291603095528,0.384294024672069
"MFSD10",0.244800848067858,NA,-0.326224173848987,-0.210602035413482
"AAK1",0.374879328530358,-0.123285147169037,-0.285773448975489,-0.159305980729928
"PGAM1",0.269493770917646,0.155977766134305,-0.432754929839021,-0.308101791829258
"EIF5A",-0.30521156698441,NA,0.425714740282858,0.102687423718237
"AK2",0.282131783312375,NA,-0.128818271316749,-0.26050137038454
"CD200",0.317816383874511,NA,-0.257453117483213,-0.433170453682217
"EBNA1BP2",-0.231015753056552,0.112549510259059,0.196828077809703,NA
"NR4A2",0.201559598240715,-0.100585155712876,-0.131892733313097,NA
"ERMN",0.123619061132947,NA,NA,NA
"ALOX5AP",0.367373546336346,NA,-0.328096803244017,-0.144382418535658
"TRIB3",-0.298356906915398,NA,0.314398246212247,NA
"NRDC",-0.222714250933371,NA,0.272151603410686,NA
"VKORC1",0.242788629309245,NA,-0.335840044371733,-0.22846907424067
"FUS",-0.282987308823125,0.155034135031674,0.13937010599844,NA
"PEX2",0.209522576474319,-0.174458902322732,NA,NA
"COPRS",0.315673715026436,NA,-0.268489514537492,-0.203857500516724
"ABHD14B",0.21613014949256,NA,NA,-0.188334512003277
"MEA1",0.238128032198789,NA,-0.221971716235531,NA
"NFIL3",-0.178003517299022,-0.167331660960188,0.322519698295501,0.157867264352818
"MGEA5",0.227618225901751,-0.262424584243873,NA,0.105815261705527
"PPP1R15A",0.346181837038923,NA,-0.395253371430344,-0.173051200187267
"TADA3",-0.259706219031536,0.102710219252266,0.258429982794527,NA
"SBF2-AS1",0.243501215347456,NA,-0.170810882427816,-0.264458887006015
"ERO1A",0.258601703379846,-0.177840852658407,-0.202418091751316,NA
"ETFB",-0.4070484771911,-0.376895369751602,0.939339056056672,-0.154774791664014
"FABP5",0.356096562891668,NA,-0.365514260164084,-0.373194638924246
"SEPT1",-0.235177099758521,0.123580784417698,NA,0.119549794743284
"PGK1",0.349072463115423,NA,-0.407935960979055,NA
"MRPL44",0.215377380835516,-0.127543291361178,NA,NA
"WDR33",0.301992152239495,-0.168765629441455,NA,-0.186341483181388
"ANXA5",0.282145646384318,NA,-0.348134226378776,NA
"CHST12",-0.161702465815374,NA,NA,0.267460816889096
"RNF19A",-0.329317736965545,NA,0.483805297793458,NA
"PPIB",-0.244957463347163,NA,0.29489178247541,NA
"LUC7L3",-0.290082573169523,0.110886312186212,0.126074801926833,0.150765207886583
"RPS20",-0.15814721471332,NA,0.163956195715426,NA
"NPW",0.15532606761001,NA,NA,NA
"LEF1",0.259773773632776,NA,-0.394348928292584,-0.148770419386882
"MSH6",-0.204876481405998,NA,0.214555879338588,0.175085125848577
"MMP25-AS1",-0.147424530960335,NA,0.179126348938519,0.167941635275859
"UFD1L",-0.255828134523489,NA,0.376318942804127,NA
"MGST2",0.248165722752335,NA,-0.346878598533477,-0.150734881823762
"DDHD1",-0.218035272865775,-0.223555002893864,0.244563954233875,0.419818787772024
"PTMA",0.199481331396896,-0.153729502281399,-0.102058731911803,NA
"CLEC2B",0.334873250997069,NA,-0.881372481741224,0.469775206451131
"PSMB8",-0.259861560225098,-0.19841536056669,0.418923733134272,0.204706182707926
"RNF181",0.233538511319496,NA,-0.210672611378846,-0.12548060382076
"BCL2L11",0.252427877644336,-0.290295387128645,NA,NA
"PSMB2",-0.222144111475681,NA,0.138656576635522,0.10466682678593
"NFKB2",0.244850060796088,NA,-0.310822008965302,NA
"STIP1",-0.201489112559816,-0.133252661339208,0.320654875304007,0.144197146084863
"ME2",-0.195454716997614,NA,0.211677254884547,NA
"PDIA3",-0.287268548995967,NA,0.232349078832128,0.143317651742462
"MGAT1",0.268706740194796,-0.175953814395139,-0.115863471771897,NA
"NDUFA13",-0.245444381421688,NA,0.25326025869694,0.170271215767707
"EPAS1",-0.182271172411343,0.293352596383296,-0.12454315213719,NA
"SAMHD1",-0.179032902234333,-0.104083222484248,NA,0.406563430889225
"TNFSF13B",0.231329957705995,NA,-0.308427188876314,NA
"LAYN",0.251235041645227,-0.32319817211332,-0.173387508426886,0.295420230922849
"RRP1B",-0.190512318523393,NA,0.15386376830749,0.23653238323044
"RBPJ",0.273721333011916,0.446570378859755,-0.688116586338734,-0.722264596326218
"JAK2",-0.162861419644478,NA,0.19195843876536,0.188767759470216
"CYBA",-0.327941116927088,0.156613213411943,NA,0.254022532606939
"P4HA1",0.242819704150196,-0.171329157966506,-0.170704889636253,NA
"NDUFC2",-0.268080312726931,0.13210528489025,NA,0.142985221007166
"ZC3HAV1",-0.313952770841113,0.140051353725255,NA,0.247064639569269
"PSMA5",-0.213755500468616,NA,0.2523402170867,NA
"TXLNA",-0.151265633531791,NA,0.174875646741143,0.118500908155772
"STRIP2",0.234581133005118,0.291109259169503,-0.516761656465164,-0.430229925698085
"SKIL",0.202221860100805,NA,-0.224590187633467,-0.219815507819182
"LINC00493",0.211756106355841,NA,-0.206919973956436,NA
"HIST1H1D",-0.448605550098505,-0.523346308707375,0.555578463429226,0.734473931571676
"HTATSF1",-0.205841512227829,-0.146571148052696,0.269806890899734,0.247981552654977
"C1orf162",-0.138482649902028,NA,0.128594074907032,0.117474874846493
"ST3GAL1",-0.234170028435818,-0.281726063773455,0.401140221464103,0.31905740526888
"SEC61G",0.264391515624679,NA,-0.227005778576856,-0.125571204744243
"SERPINB9",-0.132238508897311,NA,0.145683051098948,NA
"PNN",-0.320519491140193,NA,0.332716227570306,0.269163102545556
"GATA3",-0.454452139821284,-0.683258147058126,1.24322035211307,-0.188668163477459
"PPME1",0.219054979415392,-0.115267478342677,-0.102639731083653,NA
"PTPRN2",-0.18026548309668,-0.232892067345281,0.419931464565246,0.122072113780044
"IER2",-0.305393096816277,0.10237189687985,NA,0.339485408971198
"TAF1D",0.246613657490764,-0.260996086467589,0.127649364547141,-0.221995589993329
"HCLS1",-0.232706356106719,NA,0.216090071079687,0.146529172358075
"CXorf40A",0.235316655042042,NA,-0.222173872568554,NA
"AC133644.2",0.282316909864127,NA,-0.194883193644144,-0.320371053810957
"LSP1",0.35041955305801,-0.439079618826558,NA,0.176508404410449
"ZBTB25",0.181890430104325,NA,-0.224664028967068,NA
"NAE1",-0.18737128555468,NA,0.134126425515542,NA
"ABCG1",0.129654162600532,NA,-0.121852971252461,NA
"NDUFB4",0.227957840117383,NA,-0.236296372342097,NA
"RBM3",-0.229060173862391,-0.186632997912805,0.314225796181402,NA
"CTD-3138B18.5",0.190635088988708,NA,-0.13170813810157,-0.141127799927657
"CCL28",0.295198699750559,NA,-0.223431016980102,-0.144847430167459
"CENPV",-0.145067308698012,NA,0.153840641025789,NA
"FAM162A",0.258426363645249,NA,-0.288984093014265,-0.14632410001967
"DOCK8",-0.200079293340674,-0.138018728555394,0.170552132820104,0.358843421560128
"SPTSSA",-0.155707089919772,NA,0.134180246200505,0.136518901391797
"HPRT1",0.23639592402827,-0.11502235301516,-0.12856824337235,NA
"RAB29",-0.201403684027205,0.146246769001512,NA,0.159394614290925
"BCCIP",-0.157489429430203,NA,0.226033870400432,NA
"FAM101B",-0.197033921803492,-0.148755657037773,0.215617587980397,0.311424055444117
"APOL1",-0.156928710442288,0.155983145101392,NA,NA
"KLHL42",0.167777703262061,NA,-0.185409016767046,-0.154477674635876
"SCOC",0.216619102188362,NA,-0.181048046083342,-0.152438022164257
"FNBP1L",0.171342632887178,NA,-0.231202060528137,-0.213894145367953
"CCDC64B",0.263658987098861,NA,-0.214717683072809,-0.152970581790582
"LPCAT2",0.125620955290744,NA,NA,-0.100557231700071
"TRIM25",-0.204074101885208,0.113375066250179,NA,0.223638660639566
"AC090498.1",0.220872751129473,0.505115738941521,-0.894653105526342,-0.457106059033734
"ZC3H12D",0.204851438008814,0.152648478564779,-0.36225671668756,-0.243788088026918
"PTTG1IP",0.223297178487079,0.195019807433922,-0.487699505108516,-0.212965664012587
"LEPROTL1",0.271556213561399,-0.285114528826169,NA,NA
"CCT5",-0.229743941302491,NA,0.342113394542581,NA
"CORO1A",-0.226760320281589,NA,NA,0.215625778247547
"FNIP2",-0.164084874560855,0.259134531736354,NA,NA
"LDLRAD4",0.188731177631941,NA,-0.122923856742485,NA
"USP12",0.178363112839267,NA,-0.121214977039594,-0.148818685892936
"TUBA1B",-0.346144211728876,0.289576156782668,0.109643779192314,NA
"KDM3A",0.218224643473925,-0.208738494996719,NA,NA
"SLC35F3",0.134636555455657,-0.131907017477598,-0.108406168054872,0.124351471080321
"ARGLU1",-0.258699086396771,-0.173512112471195,0.378625928280707,0.222637870007766
"DDX5",-0.308971055677444,NA,0.17761385130813,0.18406807378388
"TAGLN2",0.229856418318902,0.245827715752024,-0.394424190548186,-0.484336726867709
"RPS15",0.12257255514085,NA,0.123005146573116,-0.121935690448521
"FGFR1OP2",0.264886242830962,-0.310121950193417,-0.139083249948336,0.209547042425007
"ZRANB2",-0.276599322868255,-0.118966946869758,0.350113971521982,0.204996381216402
"TARBP1",-0.15264269700326,0.108425889383868,NA,NA
"TOP1",-0.244721841650087,NA,0.231903543839589,0.106378850368255
"FNBP1",0.288652399390889,-0.326856183243582,-0.231202060528137,-0.213894145367953
"STX7",0.17863907796364,NA,-0.120143445721811,NA
"GADD45G",0.205956271018723,NA,-0.201294061088823,-0.19065996703195
"PARD6A",-0.100568397292723,NA,NA,NA
"NCL",-0.255018312415948,-0.251512065257054,0.427488781053186,0.268382633287402
"RPS11",-0.123405279874799,NA,NA,NA
"MT-ND4L",-0.253811598150583,NA,0.191140065971505,0.28355669565239
"CMPK2",-0.17512319282196,0.185456527345712,-0.174607843067971,0.20999176689654
"IL32",-0.533214538923423,-0.350910775295822,0.148664810046642,1.08312640783293
"SDCBP",0.183066164703394,-0.152578236269126,NA,NA
"UBL4A",-0.155340779253095,0.146876671834325,NA,NA
"MLEC",-0.18444086171735,NA,0.255147992821547,0.105859570765639
"PSMD3",-0.190980567630849,0.107705698562254,NA,NA
"HSPB1",0.312657771633746,-0.103650539476093,-0.214556827495326,-0.15607956163885
"SRSF5",-0.264340396918664,NA,0.148999616431202,0.170708625656509
"MXI1",0.182110530318272,NA,-0.258617700789631,NA
"TRIM56",-0.234904002656627,NA,0.121771733170805,0.150038153443879
"PARP10",-0.154957172437372,NA,NA,NA
"FAM110A",0.153721761742097,NA,-0.228106998203908,NA
"RNMT",0.195993690914583,-0.251973700069005,NA,NA
"RIN3",0.103979411265918,-0.103815540861984,NA,NA
"MBP",-0.250625620380905,NA,0.200849248722645,0.276591095858717
"PPP3CC",0.171498247437612,NA,-0.142660859341513,NA
"SNRNP25",-0.219899098451974,NA,0.185619702499428,0.119400392723643
"CLTC",-0.168013502139723,NA,0.151727607260561,0.183166511786633
"PGS1",-0.152850756146286,0.140319897857074,NA,NA
"GPX4",0.258986133048097,-0.27110139437786,NA,NA
"S100A10",0.188414963266831,0.406145751295791,-0.697589309385726,-0.360145562924884
"MT-ND1",-0.231588054112924,0.153801883607803,NA,NA
"RSRC2",0.19543802457289,NA,-0.137796959050939,NA
"CIR1",0.242893010458971,NA,-0.245998689052285,NA
"ALDOC",0.190525819306542,NA,-0.261799008948813,-0.142445369130114
"OSER1",0.155623505761069,NA,-0.252659301235955,-0.150727598091087
"IL10RA",-0.177623944800731,NA,0.233040166038793,0.160696587379846
"MACF1",-0.273550382583594,NA,0.154541705628966,0.29050540039027
"OASL",-0.252228633080487,0.386111976242362,-0.384481707051449,0.215233060654461
"LMNA",0.513976781106077,0.144609943874108,-0.552419502497356,-0.788122589302809
"MX2",-0.271858877589151,0.28161413242403,-0.202632425915732,0.233312793329549
"HINT2",-0.227108900535811,NA,0.195518356569902,NA
"DDX60",-0.204317224224054,0.185481053231576,-0.241317009493891,0.335030621802463
"HSPA5",-0.356483356706779,NA,0.451647763374594,0.104899875198728
"HLA-DQB1",-0.581749211096851,0.561550001842831,NA,NA
"TRAPPC4",-0.175462228360755,NA,NA,0.110679774486931
"CD27",0.193740380769699,-0.251471095029494,-0.167970696135,0.283106958836109
"MAVS",-0.121280081599197,NA,0.103652730742999,NA
"PRR14L",-0.119964110045329,NA,0.166394568103415,NA
"CAPZA2",0.222841001504518,NA,-0.173897821649934,NA
"SMG9",0.145227335574165,NA,NA,NA
"NAP1L4",-0.252044738496742,-0.163834086510293,0.216267162017747,0.420099965084057
"UBE2S",-0.253144514539932,0.138392441566101,0.124468908117518,NA
"RASSF5",0.228571636313008,-0.122420871038294,-0.128182179119192,NA
"HRH2",-0.143541454597107,-0.14174525866575,0.194688386296358,0.239620455768773
"ERAP2",-0.238859425615656,NA,0.195346985280435,0.132290248517521
"SYF2",0.200218735942634,NA,-0.233306022233809,NA
"JHDM1D-AS1",-0.136197370942957,0.102156495360346,NA,NA
"ZDHHC12",-0.170116413450273,NA,NA,0.142291255978256
"DUSP10",0.170617411694676,-0.218610810786643,NA,0.105584449514927
"PSPC1",-0.175304426323836,NA,0.104493962258818,0.18693862241239
"PSMA3",-0.229575237555933,-0.115181709660198,0.157081268695128,0.120632652082104
"CNBP",0.183581164943488,NA,-0.125855037801278,NA
"FDPS",-0.250426524170988,0.120639468591309,0.215307846176546,NA
"EIF2AK2",-0.255587209819116,0.188465090610062,-0.20135486327242,0.367107084141325
"EMB",-0.197577939295312,-0.105440055969118,0.278939018160662,0.152073469916494
"S100A6",-0.647253359515713,1.41815538115855,-0.971141496118106,-0.860260483392627
"RNF157",-0.109152536489437,NA,0.129998353247367,0.19114702238511
"PLP2",NA,0.683887484826873,-0.684585493510377,-0.822764911885625
"PERP",-0.260712502129735,0.695784121551303,-0.398280668090815,-0.442423185037911
"PRG4",-0.191490383629088,0.65823470610346,-0.495232876376493,-0.361981721493991
"KIF2A",-0.207367720393214,-0.756136941869288,0.761435586661047,0.389557075537017
"S100A2",-0.14191706472171,0.333514354308295,-0.159285466398419,-0.168665553070716
"MALAT1",-0.373252666546032,0.933421335104857,-0.967026556577344,-0.108116950073099
"NSMCE1",NA,-0.595227898124064,0.760105949652412,-0.2622230702374
"RPS24",-0.221092652468932,-0.522183071991654,0.6104058322576,0.336923258895608
"TYMP",NA,0.632505431779294,-0.92403089757771,-0.362545669782993
"VOPP1",NA,0.461100168634539,-0.491176449727823,-0.347463828762285
"TSHZ2",NA,0.560130447586372,-0.660484669209559,-0.288382713185656
"IFITM1",NA,0.580973482639481,-0.871277038701669,NA
"DHRS2",NA,0.380458898816493,-0.29126521939744,-0.29853054924016
"PALLD",-0.164607714828173,0.638964749566247,-0.544216341685902,-0.307149190831283
"RAB11FIP1",NA,-0.533050813246814,0.433582871586971,0.292160506041316
"PDE3B",-0.116353338930783,-0.388934752035257,0.382353596486982,0.312504773320124
"CD52",NA,-0.655142300057488,0.104548417974543,0.714459771426048
"CST7",-0.294296145362866,-0.559436797094273,0.593133739394317,0.521478745116314
"CD55",0.284075515650068,-0.479181344203299,0.179015890065876,NA
"CYLD",NA,-0.458186560367303,0.226899965461795,0.348020735774949
"CRIP1",NA,0.463524555364159,-0.573055516587788,-0.32441948659878
"PTPRC",0.165333751661392,-0.525077470327626,NA,0.540911676625885
"PTGER2",-0.269423795524431,-0.376900299573998,0.228066744415534,0.717450494293367
"JUNB",0.135970310297732,0.525690235770057,-0.653168103429484,-0.605622944180887
"IL1R2",-0.119545158379251,0.271493257393757,-0.119090227833532,-0.137589201377953
"ZNRF1",-0.110770789772261,0.2809789288406,-0.173696951014001,NA
"PIK3R1",NA,-0.540171073626905,NA,0.587472733875235
"CD48",-0.184750089600779,-0.478980257905507,0.313630837229095,0.626867058017873
"LYST",0.136050733205407,-0.397268724079708,NA,0.440822280294583
"TXNDC17",-0.136645460987459,0.575068595240139,-0.377111194921022,-0.445416470760267
"RP11-1399P15.1",-0.196951703603637,-0.535245855198942,0.499883132854863,0.475992088247879
"GMFG",NA,-0.431462831354763,0.214981700407439,0.393270109825222
"SESN3",NA,-0.437866349822023,0.113538227246341,0.530728059108372
"RSL1D1",0.188024322906261,-0.353886577375459,0.223081859848739,NA
"STK17B",NA,-0.512167135030557,0.344380687132033,0.362263494200115
"IFI6",-0.340854761606019,0.758093330368609,-1.14591442591399,0.342106535721356
"COTL1",NA,-0.532210363549325,0.244828772630341,0.404418405458626
"IL9",NA,0.927088796276361,NA,NA
"PLAC8",-0.309685821097816,-0.670795658448683,0.239754940492002,1.07251265171729
"WIPF1",0.162284495714176,-0.424455323088508,-0.205140432148864,0.61524518605538
"FURIN",NA,0.522710517210308,-0.518659149551214,-0.280473918026576
"ID2",-0.109895528969574,-0.741438317462543,0.647299236887913,0.390331205832144
"MIAT",NA,0.398105736969553,-0.385867134103118,-0.103169627661901
"CYSLTR1",NA,-0.356812804273089,NA,0.416955693356591
"RP5-1028K7.2",-0.244892176352666,0.442376338113115,-0.35260795963243,NA
"PHF11",NA,0.435421847917549,-0.434298135699264,-0.116737432607769
"DHRS9",NA,0.188799148107885,NA,NA
"RPL10A",NA,-0.231026936383405,0.279382366656187,NA
"SERPINA1",NA,0.353749950108021,NA,NA
"CD38",-0.118206148680551,-0.376431151826319,0.218032670886698,0.514500226920009
"NAPSA",NA,0.387038491047908,-0.337428863370049,-0.324374156502645
"IL4R",NA,-0.36865694005458,0.306017177867657,NA
"SLC39A8",NA,-0.318706887888781,0.354652764714328,0.175881883745243
"IFIT1",-0.31430708669426,0.490414458501721,-0.541087514580674,0.286749351483309
"RPL38",NA,0.254563284737811,-0.180396020667719,-0.115412243622605
"PAK2",0.145672825571719,-0.370894784270621,NA,0.270582735917421
"TBC1D4",NA,-0.316368609219869,0.414774206639735,-0.12449253050612
"NCOA3",NA,-0.289621458737934,0.281921884862742,0.155040755375573
"FAM105A",0.102699752443509,-0.265383127929936,NA,0.133327371945466
"LRRN3",-0.151145834359749,-0.21946558429821,0.195422493370903,0.372391871565885
"LY96",-0.144921809130697,0.389927374163707,-0.30236546461,NA
"INPP4B",NA,-0.343626347165517,0.35694714806529,0.169757066261546
"ZBED2",0.318903546303969,0.476817525420543,-0.814291504388597,-0.766847207625414
"AUH",-0.163406692172898,-0.309565392889683,0.420076434905517,0.216667852069746
"ISG15",-0.148737899454406,0.713896080123151,-1.18972476000577,0.139736056118698
"DNAJB6",NA,0.35773853705575,-0.227942175009227,-0.314654433310927
"CD2",0.23864636004833,0.388024614422612,-0.809315990884697,-0.30400719640291
"ANXA1",0.234848319345822,-0.465163468376454,-0.107958260611162,0.450724005937259
"PHLDA1",0.101006256559902,-0.312993584033465,0.19814959889192,NA
"FOXN3",NA,-0.294797582924131,0.260673043816374,0.193567761960299
"IFI44L",-0.263279539621856,0.506890585978824,-0.68395065711237,0.309751742285105
"BCAT1",-0.141505682822516,0.316248621875767,-0.213961108209925,NA
"IRF7",-0.106792262823929,0.397634971014131,-0.520392586095377,NA
"TIAM1",0.167078706263147,-0.241021659129311,NA,NA
"BARX2",NA,0.176190411948993,-0.137246136474197,-0.168353064671151
"FUT7",NA,0.178180792818672,-0.130654391105,-0.122631927637913
"RPP30",NA,0.348218796021053,-0.166038116142383,-0.387994283581143
"SPINT1",NA,0.12278399173576,NA,NA
"EVL",NA,-0.447334931948348,0.241816085350123,0.52409413785713
"SMAD2",NA,-0.279348264821193,0.330476732911881,NA
"ATM",NA,-0.289095312774123,0.109900570436393,0.444717294536016
"RORA",NA,0.498073961058225,-0.739528933720675,-0.167630347305331
"CLDND1",0.116218736749651,-0.341296130849932,0.15651214127688,0.149275271858875
"LYPLA1",NA,-0.317318317300865,0.310999954673579,0.134892797780046
"MYB",NA,-0.336564069508139,0.289829604637453,0.304503445800816
"HLA-C",NA,0.328063402814408,-0.594659361805463,NA
"GALNT10",NA,0.157375180368479,-0.161524584572583,-0.110947963674703
"SLC38A5",-0.113292376716867,0.228672576906199,-0.105072496065797,NA
"BCL6",NA,0.172797512074258,NA,-0.102835339375853
"EXOC3",NA,-0.35576201153846,0.319224840324422,0.12567343278222
"RPL37A",NA,0.226093566456238,-0.116042750293833,-0.166045267293984
"AQP3",NA,0.347135410057039,-0.377655834847946,-0.129665742533657
"PAG1",0.127951791209558,-0.221868644627041,NA,0.205684634708488
"IL23R",NA,0.128113880638034,-0.109052556161593,NA
"IFIT3",-0.292075132827919,0.440386957732858,-0.809347387097646,0.568662536881908
"ARL4C",NA,-0.386180054437907,NA,0.627166371839072
"CPOX",NA,-0.228286821176059,0.215175157904301,NA
"MAST4",NA,0.241647787397355,-0.328726417764925,NA
"SMCHD1",NA,-0.328410016011144,NA,0.497264091003513
"RPS27",0.258871875807251,0.19607830561279,-0.252326980216269,-0.217089775023903
"RPL13",NA,-0.149454409720619,0.20197174866771,NA
"APBB1IP",0.1033247162709,-0.271417082868037,NA,0.234816118409152
"SMYD3",NA,0.273861188496524,-0.220662140524886,-0.179635157864663
"THEMIS",0.1755185281782,-0.253933801070974,NA,0.148609722506318
"SLC25A5",-0.230939066917617,-0.39705926268018,0.564370569382842,0.243635197930851
"FAM49B",NA,-0.278571291599939,0.153700618697935,0.220691564020966
"IKZF3",-0.226185439368229,0.311073568772101,NA,-0.20553379133621
"SKAP1",0.191559478734845,-0.327479417964077,0.131853694508909,NA
"TNIP2",0.11433007248621,0.253524819892167,-0.396415553096209,-0.21487865176599
"RPS9",NA,-0.173248241758875,0.135162119356315,NA
"CD68",NA,0.255332004604093,-0.235833287057385,-0.182724203816666
"ST8SIA4",-0.145557623065121,-0.17927637469726,0.302718027440501,0.150226445031654
"HCFC1R1",0.187740317590027,0.332419456526461,-0.534624816733553,-0.389358613855581
"TIFA",NA,0.405978630809931,-0.486659201126155,-0.264462861872457
"CAMK4",0.167676073504984,-0.266554285996496,NA,NA
"BLVRB",-0.137124537122315,0.416439851754422,-0.226287646303001,-0.271340166061699
"RPS3",NA,-0.189131835336788,0.201207119052271,-0.127357797046579
"HNRNPA3",-0.148354846142425,-0.288251525683292,0.327422874092892,0.293409039964191
"ITGB7",NA,-0.211584059718082,0.190019386425864,0.260054637696703
"SEPT7",0.168550024086457,-0.248786223176418,0.120079981249891,NA
"FYN",NA,-0.31911747832904,0.229009132862834,0.11571623761189
"USP18",NA,0.329619474980164,-0.510029054804367,0.176545785798096
"PLEKHA1",NA,-0.169609603188426,NA,NA
"NDFIP2",0.12144986301485,-0.347185680890357,0.445511926618888,-0.339796947394575
"EID1",NA,-0.324355752078072,0.389094101588283,0.13183911528464
"C12orf75",-0.405146236936946,-0.574410153704006,0.961255113733072,0.127104282650862
"SFXN1",0.102620954636907,-0.248306092223667,0.114882851420991,NA
"NCR3",NA,-0.236026119891069,NA,0.219641591752447
"C19orf66",-0.192756822906062,0.329957497156197,-0.237590378290615,NA
"SLC25A4",NA,0.165355274418552,NA,-0.137184548549969
"RALB",NA,-0.312933003824291,0.272337563575422,0.104002391071025
"CTSL",0.264415682265009,0.385136113711138,-0.630481118016051,-0.599597993660283
"FLJ21408",-0.107942557722156,-0.147534444939163,0.360893659071807,NA
"RPS6",NA,-0.173819973700452,0.219707167467197,0.281490643201728
"C15orf48",0.156100652352988,0.598652597309274,-0.99187395887115,-0.42585698777695
"FOXN2",NA,-0.231763147698427,NA,0.154630562161855
"RPL11",NA,-0.158400979038769,0.131956847073946,NA
"ETS1",-0.128806278448943,-0.305736801898894,0.167203867089829,0.496537496176388
"DDX24",0.157697572456678,-0.289516579291289,NA,0.180720569182611
"RPL37",NA,0.202085062711239,-0.202500350029554,-0.116136005912131
"SLC25A6",-0.116008169071814,-0.239250030560148,0.360666781373502,0.109496249773668
"AC147651.4",NA,0.292755545380866,-0.327563121903051,-0.295057548115649
"G3BP2",0.145502198649489,-0.32196780151714,NA,0.252482557000034
"GPR157",NA,0.10630966000595,-0.111952311317476,NA
"RBM47",NA,-0.107964342032106,0.28383679263458,NA
"CAB39",NA,-0.219598798973292,0.158380249137878,0.251326045298966
"ITPR1",NA,-0.195825697982767,NA,0.144196889219332
"RNASET2",NA,0.3720738788132,-0.36219721106572,-0.155427785830109
"EHD4",-0.129777192332949,0.232251613437863,-0.232308467125139,0.113782512059117
"SNX10",NA,-0.289150572515004,0.203947282651246,NA
"PHF3",0.20694109166889,-0.301246321074015,NA,0.147217899050383
"LTA",-0.136924233825689,0.796075899903468,-0.786071797684824,-0.473477037685512
"KIF3A",NA,-0.249648812089116,NA,0.29352561821612
"JAKMIP1",NA,0.185988532200552,-0.114198709461177,-0.10639580315378
"FLOT1",NA,0.303243726919337,-0.36988860139369,-0.131452109190546
"GS1-279B7.2",NA,0.118838573873424,-0.124354677592209,-0.10592547573101
"CPNE1",NA,-0.216656521963974,0.255836707695307,0.10875881853809
"BPTF",NA,-0.30027991102965,0.221153780704036,0.291413688907711
"FRMD4B",NA,-0.289617778001491,NA,0.522340765335312
"RPL39",NA,0.150755495326819,-0.213609131892508,-0.181000900467445
"RPS18",NA,-0.144301592010041,0.224765265705161,NA
"RPA2",-0.15970434090355,0.261842256807174,-0.112851983988836,NA
"IL21-AS1",NA,0.187201910866878,NA,NA
"SGCB",NA,0.128718686565918,-0.109237698401726,NA
"CELF2",NA,-0.270796419931334,0.140062576543041,0.168718478208567
"LSR",NA,0.111417014145209,NA,NA
"NOP10",NA,-0.23363794156832,0.115471115581395,0.213329847906421
"OAS1",NA,0.300955174986218,-0.579848829760388,0.263950919720189
"RPL3",-0.100215925517344,-0.192984442982781,0.214439549657793,-0.164540405822745
"STAT4",0.160272938197108,-0.205116338864151,-0.13452072381543,0.230951181585223
"MX1",-0.216154401745361,0.381042533291935,-0.75815658206865,0.514856621655835
"UTRN",NA,-0.270639965749452,NA,0.406940154304391
"RPL4",NA,-0.179341386545089,0.313727997516726,-0.130533379933061
"MVP",NA,0.219180707203154,-0.156240738128186,-0.2066671618625
"HADHA",NA,-0.269982513314702,0.273630813473688,NA
"RPL7",-0.120874457100368,-0.184995336432945,0.297408163325509,-0.111373873044062
"RABAC1",NA,0.268829300621926,-0.104579915305082,-0.284059016348262
"RBL2",-0.161117512601166,-0.207166457841524,0.27279425237187,0.265798469077163
"GLUL",-0.345393685351075,0.675991670636631,-0.44104640914399,-0.150737702700921
"CSGALNACT2",0.145766362608971,-0.232494949874149,NA,0.10263902390681
"LCP1",-0.171287682504568,-0.277109644165976,0.380831920380644,0.237768371781197
"HELZ2",NA,0.160361100640274,-0.152152706617181,NA
"AAED1",NA,0.185298193731897,NA,-0.168053832601514
"LINC01588",NA,0.460171491399851,-0.398328880895418,-0.320473417790404
"CASP3",NA,-0.270111187996685,0.162554330054268,0.248142825653115
"ITGA2",NA,0.107734567170617,-0.114599930778126,NA
"RERE",NA,-0.183525576352451,0.223328794178866,NA
"VGLL4",NA,-0.194801699600385,0.101831506449851,NA
"GZMB",NA,0.820827349562782,-1.58940974086073,NA
"CD53",NA,0.28513792043691,-0.445481728727655,-0.165153995942651
"PCSK1N",NA,0.104719122868001,NA,NA
"RYBP",NA,-0.319729594096943,0.428262823506915,-0.138612903248492
"TAF7",NA,-0.223765313139609,0.215869818199413,0.215889063794143
"RPSA",NA,-0.18168446396028,0.202322469760811,NA
"CAMK1",NA,-0.235542613142626,0.344759585307867,-0.169485030805755
"ATF7IP",0.143906861262525,-0.259385605976729,NA,0.212103956547772
"SMIM3",NA,0.173926548480347,-0.243889784568559,-0.125966239343687
"UPP1",0.198744911428271,0.278237377956327,-0.527306049595074,-0.294214726623422
"EPRS",NA,-0.259677500083388,0.398544547381621,NA
"HAGHL",NA,0.165660037036565,NA,-0.145350261717854
"RAD21",NA,-0.288623712681578,0.251097148371467,0.267726545164304
"IFNAR2",0.12906777620244,-0.220562445947826,NA,NA
"STK26",NA,-0.196914123535513,0.229264903911312,NA
"ICE2",NA,-0.226371073816194,0.102297938064313,0.179697244694913
"FAM43A",NA,-0.111495918975341,NA,0.12207659963221
"SLAMF1",0.108158535866664,0.310556850450559,-0.430979136552792,-0.285250499850516
"F5",NA,0.1777123799719,-0.242897828152182,-0.183586600989985
"ARHGAP18",NA,-0.194696048327102,0.106958014826729,0.193137677989912
"EVI5",0.101742920368816,-0.141831785035971,0.100517442350723,NA
"KDSR",NA,0.275494801309886,NA,-0.2505077432968
"LYN",NA,0.108315985705427,NA,NA
"PIK3CG",NA,-0.112602558863838,NA,NA
"FAS",-0.103667028842126,0.271806354628201,-0.2511289095584,NA
"MDFIC",NA,-0.244866445254803,NA,0.189799678118601
"ARHGDIB",0.198311717069731,-0.298398001955431,NA,0.243001868729665
"QSOX1",NA,0.153704960441937,NA,NA
"RPL15",NA,-0.149242270194539,0.182287067534888,NA
"NPM1",0.114342337080991,-0.202190869980559,0.247965765000382,-0.24374367478678
"CCDC92",NA,0.104080330716606,NA,NA
"NME4",-0.158034231527421,0.182142996902236,NA,-0.15095489550478
"VAMP5",NA,-0.302660737654616,0.31384502858844,0.176014198309097
"IL18R1",-0.181848696692851,-0.210721400793459,0.380461610462294,0.149296319248712
"CHD1",NA,-0.246439270587844,0.126402342660876,0.203549731984631
"TMPRSS6",NA,0.180427418714463,-0.207155736382482,-0.12193728463868
"PTPN22",0.238329339734024,-0.248674516655738,NA,NA
"TAP1",-0.162186433524039,0.227754096794696,-0.169101077852867,0.102237194486186
"CD7",-0.29526372406657,0.417020351605811,-0.305789518532659,0.140699930977165
"AOAH",NA,-0.107262919793687,0.139475742872502,NA
"CIB1",0.116216512181059,0.250353695348982,-0.30028841669029,-0.349658690069894
"TNFRSF25",NA,0.205226637250273,-0.235385689700114,-0.146799517382375
"GYPC",-0.107595563541564,-0.271460694041318,0.230100148710156,0.334112539667728
"CDKN1A",NA,0.186354068308797,-0.225755210360796,-0.172162391752991
"C9orf16",NA,-0.2403788192269,0.199116209605308,NA
"ITGAL",NA,-0.226668903443284,0.125470798027203,0.209682352044576
"CRNDE",NA,0.104097876574813,NA,NA
"CNTRL",NA,-0.25907177336938,0.15383403793126,0.323233951490427
"SPSB1",NA,0.116915213226041,NA,NA
"HSBP1L1",NA,-0.200368886730417,0.20295844956538,NA
"ITM2B",0.234057848903571,-0.313189433363181,-0.263612867192576,0.410146986078053
"NINJ1",NA,0.394968789967372,-0.38572437118817,-0.319468577893551
"RAC3",-0.107404349751153,0.123360551533607,NA,NA
"PDE4D",0.127336302676573,-0.286978992931995,NA,0.288053091226075
"ALPK1",NA,0.156330069044857,-0.152458992915817,NA
"FOSL2",NA,0.152014058746333,-0.110823184596444,NA
"MAGED2",NA,0.219650820095583,-0.215843704643077,-0.168865573127911
"RPL18A",NA,-0.142261857612139,NA,NA
"CALD1",-0.159386248500825,-0.191671643596075,0.532410979715876,-0.189541767467065
"RPS4X",0.121407563496306,-0.160010628721257,0.113840175810108,-0.116312611657234
"TOP2B",-0.18743863075163,-0.200465338035199,0.353951626305192,0.18233132007113
"TLK1",NA,-0.227505471433707,0.135852002236465,0.352164963406203
"PPP1R13L",NA,0.16420157945716,-0.13782590987689,-0.163657392576069
"TSLP",NA,0.151083355705005,-0.108245331312035,-0.134390765083014
"ODF3B",NA,0.138010694893303,-0.176425992538116,-0.118946944578355
"AC020571.3",NA,-0.147354640739692,0.196141423615692,NA
"CCDC88C",NA,-0.21051690951572,0.118752458729956,0.191270210976776
"FGFR1",0.264886242830962,-0.126124815949463,0.115041851915524,0.20603240990092
"HLA-B",NA,0.282696709515908,-0.569555921717101,NA
"EBI3",NA,0.182262394813462,-0.259595377900146,-0.192642836005241
"RPL13A",NA,-0.158938108011041,0.319143473016984,NA
"CTNNAL1",NA,-0.251794133216513,0.388374514694236,-0.128429090355192
"RPL8",NA,-0.135854108904289,0.119194738016145,NA
"TNIK",NA,-0.201261643841778,0.120257564756722,0.289223426166994
"RAP1A",NA,-0.252359155875705,0.25553816865787,NA
"SF3B1",NA,-0.195963763906736,NA,0.144149810022284
"HIST1H1E",-0.356522813286277,-0.375734753007774,0.469597272305525,0.540727897209588
"RPL19",NA,-0.133245947009281,0.150466798751596,NA
"ARID5A",NA,0.342291694621764,NA,-0.644396981209202
"SERPINB1",-0.297296188441408,0.416778062432049,NA,-0.207926609366017
"MIS18BP1",NA,-0.228266739886354,NA,0.267477539365684
"HMSD",NA,0.199603941856671,-0.301616551559097,-0.188225962825902
"IMMT",NA,-0.242783079839146,0.281759446706451,NA
"LTB",-0.249919195915284,0.58325004328544,-1.61278916009018,0.761668118138673
"ITGA4",NA,-0.242452340085862,NA,0.32389811875744
"TNFSF14",-0.212261460750019,0.219372882082115,NA,-0.141639394584791
"LRPPRC",NA,-0.233933933081101,0.213589711539492,NA
"ANG",NA,0.114894715100017,-0.116922559409203,-0.113845152831312
"NEAT1",-0.441482356244341,0.587102076438846,-0.43625009015481,0.201298603924419
"IL2",0.285838194681183,1.03067298676046,-1.75104672366191,-1.53207798623769
"SCAF11",NA,-0.217972978783592,0.166394947066726,0.13020409192787
"TMIGD2",0.129424133022308,0.267369095503378,-0.539640967616413,NA
"NUCB2",-0.184980934381356,-0.255607277725458,0.280274329600374,0.36851579092967
"ZNF770",NA,-0.170081214137375,0.109967941194137,0.124382589112605
"STAG2",-0.106766827399821,-0.191475603058044,0.115111206204507,0.361320398420191
"DOK1",NA,0.132705743733263,NA,NA
"CHRM3-AS2",NA,-0.151369284865815,NA,NA
"TMEM123",NA,-0.24562632409114,NA,0.381160493550114
"IL1R1",NA,0.118705810125819,NA,NA
"HSPB11",NA,0.25083259657279,-0.147829002655564,-0.194743636631177
"MLXIP",NA,0.118238054208833,NA,NA
"CSDE1",0.164664964537658,-0.212951044425906,NA,NA
"QPRT",NA,-0.190621751434616,0.292504159001226,NA
"NSG1",NA,0.126317788411953,NA,NA
"METTL9",NA,-0.205775503658847,0.182284456679871,NA
"PDE4B",NA,0.156775067087989,-0.429774664058505,0.111576354969229
"ATXN1",NA,-0.178506232752586,NA,NA
"IL21",NA,0.128001161724113,NA,-0.168971329034295
"CARD19",-0.135108599742989,0.243665701857063,NA,NA
"TESPA1",NA,-0.190343184581607,0.207467448201446,0.145794392707538
"LPAR6",NA,-0.127474668150041,0.112667965918215,0.121925288304051
"U2AF1L4",NA,-0.184134337362045,0.217084777884682,0.109355460415895
"RPS27A",NA,-0.125183926426623,0.148211359752707,NA
"USMG5",NA,0.189839099349221,-0.220103552185081,-0.148434050087673
"CD63",-0.207011470722149,0.240571033336334,NA,NA
"CALCB",NA,0.101432917346029,NA,NA
"ASUN",0.165392471943258,-0.222427263120239,NA,NA
"HIC1",NA,-0.13556654266454,NA,0.202461049616157
"PSME1",NA,0.205236645096947,-0.223940241971509,-0.128221454875502
"GALNT3",NA,-0.123662428020168,0.157051951678114,NA
"HBS1L",NA,-0.221093326555366,0.156617787168356,0.187284079779609
"THY1",NA,NA,0.22998766626472,NA
"LINC00864",NA,NA,0.198958458529061,NA
"MAOA",NA,NA,0.280294269392563,NA
"EEF1B2",-0.153574247119798,-0.151325000573939,0.401115450501982,NA
"EPSTI1",NA,0.228783828719356,-0.737015115792374,0.55155903897106
"ZBTB38",-0.232762946017792,-0.222271074769024,0.571910211645551,NA
"MGST3",-0.41032309869938,-0.160218129050786,0.888869355059877,-0.485101265939746
"TPT1",0.114412219978179,NA,-0.317631047505897,NA
"DYNC2LI1",-0.146156258949847,-0.134498592650813,0.445527007007757,-0.167869031405454
"PLEKHH2",NA,NA,0.136650185170576,NA
"SLC39A14",NA,-0.107181012797202,0.288706344333842,-0.148771957065128
"GATA3-AS1",NA,NA,0.112502521530199,NA
"SAT1",NA,0.222400186165859,-0.487069939854018,NA
"RPL27A",NA,-0.110076494342521,0.220791266682929,NA
"CHMP5",0.145554681241571,0.217050684718775,-0.528365402868975,NA
"NT5C3A",NA,0.3269531249651,-0.655016974289272,NA
"HSPD1",-0.21078139611401,-0.11716560858551,0.464648861474422,-0.104983971910606
"AGAP9",NA,NA,0.129563342975507,NA
"RPL26",NA,-0.112341458196059,0.243699672255376,NA
"SET",-0.226512682480671,-0.235737350048389,0.471567196661526,0.126823959823193
"RPS2",NA,-0.1142024946322,0.283414377210041,NA
"TPRG1",NA,-0.142715003178588,0.304061428005971,-0.150820254126872
"RPL5",NA,-0.170063725176196,0.34701790041469,-0.103510241075839
"RPS8",NA,NA,0.195523109295277,NA
"CYSLTR2",NA,NA,0.112175422965717,NA
"PITPNC1",NA,0.141160135505248,-0.349134962626367,NA
"ARF5",NA,0.165145792275172,-0.343053640441695,NA
"IFI16",NA,0.160959003632957,-0.568295730449151,0.385197894130128
"TMSB4X",0.156757209082072,NA,-0.447360385199645,NA
"PRDX3",-0.182976891863978,-0.159052290694879,0.426584270923581,NA
"TGFBR3",NA,NA,0.10548967908445,NA
"TRIM22",NA,0.151259609856908,-0.443447396412295,0.105787051608049
"GRK6",-0.116729935074018,NA,0.253755013511622,NA
"CEP55",-0.299260485764444,-0.204432034868377,0.51858182034547,0.125285965058984
"RPS13",NA,-0.130430091508995,0.215487079061663,NA
"GIMAP4",NA,0.246516064677609,-0.641293748978224,0.419350491459257
"ADGRE5",0.139526605032554,0.138204927801009,-0.356141424540655,NA
"SCPEP1",NA,NA,0.275751943254364,NA
"PPDPF",0.230008968324177,NA,-0.430806204333008,NA
"PDE4A",NA,NA,0.139638432467876,NA
"RPL7A",NA,NA,0.229580962704612,-0.111373873044062
"HSP90AB1",NA,-0.201760531440433,0.414530444023627,-0.335887183157077
"TRAT1",0.274548572190181,-0.25463286254067,-0.478227431248498,0.470820697437095
"PTPRA",-0.172031816593085,-0.105409682528905,0.368239056921611,NA
"GAD1",NA,NA,0.196834720089384,NA
"FTH1",-0.196751157578164,0.50640153081241,-0.603811522456772,0.121275672483844
"HELLS",-0.204341662059832,-0.227586323014255,0.432006769305343,0.136929363506741
"ISG20",NA,0.317713492162537,-0.536426064494038,0.209224147840668
"MTDH",-0.182718711573758,-0.136103200391817,0.406782929438405,NA
"RPS23",NA,NA,0.197173478238166,-0.100519022963297
"SP100",0.117474990929712,NA,-0.410859184598538,0.120112504849101
"FAM120A",-0.135189173896837,-0.170008974049417,0.326986320971724,NA
"JAML",0.2677915784029,-0.236351855355144,0.327294810509152,-0.739948477606146
"RPS28",NA,0.127444291772635,-0.226830836128607,-0.122753622738271
"RPL23A",NA,NA,0.185545194607993,NA
"FLT3LG",0.204506402667287,NA,-0.354573306458782,NA
"RPLP0",NA,NA,0.245488749777344,-0.162977089263098
"PPM1G",-0.182516613020215,-0.210092428645782,0.319563794532926,0.240044654384232
"EEF2",NA,-0.135178076003232,0.319625938021605,NA
"TUBB",0.243789075660505,0.33875246795113,-0.636059910413339,-0.410278302252505
"TTC39C",0.164489487313491,NA,-0.322479477713244,NA
"EIF3L",NA,-0.159042501030693,0.326099513286952,-0.115847242674694
"EMP3",0.214384889817955,0.171804574239227,-0.381358413188128,-0.283144798447509
"TMEM173",0.1734070525894,0.2347562029061,-0.506331607726559,-0.163503587371429
"RP11-660L16.2",-0.12830106369037,NA,0.25387698307407,NA
"ENTPD1-AS1",NA,NA,0.142443306943951,NA
"RCBTB2",NA,NA,0.247025918942829,NA
"PFKFB3",0.171348915759174,0.157328754239898,-0.368664582434526,-0.168523472039942
"GALM",-0.217492563860131,-0.132051582375227,0.378536553937143,NA
"RASGRP1",-0.151655777390528,-0.139999924708496,0.401677590434892,NA
"DACT1",NA,-0.116635280672651,0.267795060386001,-0.145607884854774
"TRAC",0.197157661031248,NA,-0.506893679100545,NA
"ATP5C1",-0.160362876667868,NA,0.317978724989611,NA
"LGALS8",0.149517864411728,0.223087105935912,-0.373556786435458,-0.258204192579131
"MRPL3",-0.169276863731432,-0.111188183549894,0.317572432224091,NA
"RAB13",0.168284152449468,0.273081725851577,-0.479288318633346,-0.273378410251889
"RGL4",-0.103000516657366,0.319376081140968,-0.470952080829187,0.175294749351407
"ITK",0.173866066278414,NA,-0.312605187429898,-0.122517608661773
"SOCS1",-0.196696920683604,NA,0.465114170275983,-0.384051078493847
"TBL1X",NA,-0.181473647930364,0.178194659044417,NA
"ANXA6",0.184823512814915,0.160075357066501,-0.3662758478342,-0.208296504317136
"PCED1B",0.20020811067348,NA,-0.312345690369382,-0.13481802001923
"RPL27",NA,-0.110076494342521,0.176874291128919,NA
"PABPC4",NA,NA,0.267355826506742,NA
"RPS7",NA,-0.108942913986959,0.204537478765738,-0.106688697712896
"CD74",NA,0.161241917013445,-0.526143801850116,0.226953433530884
"LARS",-0.225912438883355,-0.173907486756163,0.329383988120542,0.240649692897285
"CCND2",0.159587220261316,0.372012488385702,-0.519793752065612,-0.439709673009913
"GNPDA1",0.167264402911471,0.194112608018667,-0.388417018872126,-0.213340006252922
"C6orf203",-0.160717848008623,NA,0.305908382330432,NA
"RPL23",-0.177315396855171,NA,0.276824063006247,NA
"CMSS1",-0.191145736090547,NA,0.366747170580785,-0.230161649134309
"RPS14",NA,-0.102631407901673,0.164346291730783,-0.147954900465137
"ATP5A1",-0.132168926627542,-0.101968826149196,0.333279042374144,NA
"IL1RN",NA,NA,0.189842191153153,NA
"CANX",-0.131134152298186,-0.143101924765216,0.343062521076524,NA
"RPS3A",NA,NA,0.18508902710453,-0.127357797046579
"TOMM7",0.115655700136692,NA,-0.229956787290242,NA
"TRIP4",NA,NA,0.221802086972572,NA
"BCAS3",NA,NA,0.162448445127984,NA
"APOBEC3G",0.122947655677393,0.239693851012455,-0.392225932807653,-0.208988461016767
"CCSER2",0.17173613287921,0.157124139647919,-0.340743953212642,-0.206881660130097
"CSF1",-0.104815047741196,NA,0.169439283741429,NA
"OXCT1",-0.114485108167854,-0.126503290886823,0.275321411157233,NA
"PPIP5K2",NA,-0.12693208108761,0.213237489221613,NA
"CLIC1",NA,0.106559895410399,-0.276035723313912,NA
"ETFA",NA,NA,0.230083586306164,NA
"UQCRFS1",NA,-0.189885115996948,0.30578983385625,NA
"JMJD1C",0.199316160884417,NA,-0.427109995034,NA
"NDUFB1",NA,0.180927367807953,-0.330154406778927,NA
"ABI1",0.10227708084178,0.203543072975989,-0.327220419736882,-0.170847822738707
"APRT",NA,-0.124458279443151,0.285091824833086,NA
"RXRA",NA,NA,0.155760986403799,-0.101144446169324
"NAA10",NA,-0.128789888180743,0.256170403771559,NA
"IVD",-0.109945433487774,NA,0.23750748158962,NA
"PLCL1",NA,NA,0.118566141289389,NA
"MAP3K4",NA,NA,0.166222519254789,NA
"TRAP1",-0.140997220975285,NA,0.211254871435171,NA
"CEP83",-0.103974788633091,NA,0.173054134546594,NA
"GJB6",NA,NA,0.131242812418835,NA
"HLA-E",0.169967266683561,NA,-0.352611317077848,0.165000647859937
"MAP3K8",NA,NA,-0.23550298387929,NA
"GPSM3",NA,NA,-0.299749695336693,0.182478856981482
"TCF7",NA,0.168729386592181,-0.264858061845885,0.106082413132049
"ZNF131",NA,-0.15315529813165,0.211852518881787,NA
"TMEM230",-0.123720851435424,NA,0.26019287892288,NA
"NOLC1",-0.18669799289185,NA,0.261558775840263,NA
"SQRDL",0.148522537048764,0.22307611665314,-0.344634600942178,-0.296965955364916
"RP11-421L21.3",NA,NA,0.175246430977579,NA
"RPL9",NA,NA,0.15146959622632,-0.105382129017
"STAT3",NA,0.30271977874394,-0.473476405824607,-0.177563445275143
"HNRNPR",-0.262901027597988,NA,0.294832176971237,0.223271171946698
"EIF4ENIF1",NA,NA,0.153685145893581,NA
"SLC27A5",NA,-0.148372902232322,0.211642447496415,NA
"GLRX3",NA,NA,0.275058566057849,-0.182377137678219
"SLC38A1",-0.209734001225999,-0.169929934257044,0.307540463934922,0.23862013455986
"PCYT2",NA,NA,0.135569114039471,NA
"NOP14",NA,-0.14191572453801,0.237229683879835,NA
"PURB",NA,NA,0.184094567044962,NA
"MZB1",-0.171728113289184,-0.22390439560367,0.27359287388917,0.308344941282366
"XBP1",-0.149763014490629,-0.201415006260009,0.19135989818259,0.348244033543714
"RAD50",-0.195103436934205,-0.105910047719096,0.22306533014648,0.229020256363933
"GTF3A",-0.102930889748455,-0.145921024602987,0.292704628563144,NA
"FHL3",0.136315672622786,0.147155350488536,-0.244542342855668,-0.240290657035279
"RPS12",NA,NA,0.161997442777333,NA
"LDHB",0.106188159909981,-0.166674589670074,0.194096089034917,-0.202662038776372
"AHCYL1",-0.14126587553253,NA,0.193029776220792,NA
"YY1",-0.114296695654671,NA,0.270830254517798,NA
"ANXA7",-0.120587511843368,NA,0.23981595343717,NA
"LSM7",-0.103341458429748,-0.117363105511102,0.257710690815639,NA
"SSBP3",NA,NA,-0.230124685388949,NA
"MAPK9",NA,NA,0.156206789351739,NA
"TNFSF10",-0.166920331339374,NA,-0.479043104065923,0.737091967079339
"ABHD6",NA,NA,0.105821997804026,NA
"ABCE1",NA,-0.180342541964464,0.274519484508981,NA
"ATXN7L3B",NA,NA,0.196643185892954,NA
"MYL12B",0.208595944136971,NA,-0.268215359677386,-0.140069456599944
"MTHFS",-0.127627754017037,NA,0.191767468723022,0.113457676444595
"NPM3",NA,-0.140702316245268,0.285768869151638,-0.113065170469864
"MTHFD1",0.148890576528566,-0.166000187768048,0.272333983508966,-0.186251581132765
"ZNF43",NA,-0.101731407914318,0.195337087226027,NA
"TRAF5",NA,-0.129425483144559,0.176479174462457,NA
"EHMT1",NA,-0.156683791683629,0.177503214896326,0.130526299257295
"SOS1",-0.200073352686169,-0.185744355173592,0.175996324044348,0.423813166568603
"KIAA0100",NA,NA,0.144692306590029,NA
"GADD45B",NA,0.171501285701847,-0.435205351643214,NA
"GSPT1",-0.108587272466232,-0.140251557456978,0.275215244740379,NA
"CDC45",-0.141226738796194,NA,0.312808206805423,-0.10363394202881
"PLSCR1",NA,NA,-0.340059523964064,0.273062649279965
"CDKN2D",NA,0.220220757913489,-0.361457002488204,NA
"SLC25A3",-0.146659469039529,0.131238186948564,0.289527990000852,-0.20371365100212
"ICOS",0.209986703701726,0.165471313365663,-0.445533489184269,-0.172108620669419
"DARS-AS1",-0.102727478664311,NA,0.213375495184448,NA
"RPS5",NA,-0.130830234925931,0.152252864101023,NA
"EIF3D",NA,NA,0.225325429577011,-0.243974590131715
"NSL1",-0.159009227393534,NA,0.246567732244493,NA
"H2AFY",-0.186424729551991,-0.277193036647363,0.32640691681726,0.340344048702734
"SETX",-0.160390711144934,NA,0.22814317263508,0.142166188081281
"NME1",-0.112173491193211,-0.104567076969685,0.254395865976626,NA
"HMBS",NA,NA,0.169324736659036,NA
"OSTC",-0.113230454216746,-0.116891789913294,0.251247766995936,NA
"GPR132",NA,NA,-0.138081873888402,-0.100391760636303
"PKM",0.146094354420616,0.235048541835185,-0.339673703898028,-0.326690050484074
"VPS13C",-0.117225908365089,-0.157222995170877,0.178699972664547,0.241703151102027
"NDUFS6",-0.244320786328914,NA,0.322939741182592,NA
"MCL1",0.117508947831633,0.117556937909532,-0.380698873157313,NA
"PAXBP1",-0.117982795827005,-0.134011830998519,0.238141496889531,0.119570024132946
"TIMM13",NA,-0.123046395103533,0.277311406233447,NA
"EIF3K",-0.107059589318233,-0.126995299805623,0.249370844957606,NA
"TRAF1",0.174625716390838,NA,-0.295286125907872,NA
"ACSL3",-0.133665898578904,NA,0.184500870694194,NA
"NBN",NA,-0.136804037037924,0.199767153913199,0.111402619189471
"RNF19B",NA,NA,0.127024699725698,NA
"HSPE1",-0.235551569681328,-0.107479172964868,0.333060449099004,0.140881318912096
"TKT",NA,-0.206935311558025,0.309874416086649,NA
"MICAL2",NA,-0.231865408792001,0.282387843890014,0.135905820157242
"GPR18",0.23327602421633,-0.112129351153441,0.146723519653918,-0.540080978568858
"MRPL27",-0.145927488418764,-0.120936110565317,0.258422646411079,0.117361746584945
"SH3GLB1",0.140265241138313,NA,-0.271138230739499,NA
"LRP10",NA,0.159153029617015,-0.247774754054638,NA
"FAM65B",0.165187076233711,NA,-0.346382328930361,0.283180442107352
"STK10",NA,-0.125632779618712,0.174839705930595,0.160109691199706
"RPS15A",NA,NA,0.123005146573116,NA
"UBE2L6",NA,0.157462710616379,-0.321570505265292,NA
"RAD23A",-0.104962693641485,-0.100105360150017,0.26017313986466,NA
"OPTN",NA,0.112696719260126,-0.275365365014653,0.203378733382792
"SRP72",NA,-0.16367730022687,0.287602606174369,NA
"HNRNPA1",NA,NA,0.215728246546326,-0.188791787291567
"ATRX",-0.135080652717235,-0.177132119741131,0.255233355236633,0.1978123386909
"CYCS",-0.124927413963093,-0.149065648785868,0.278570583779529,NA
"ARPC2",-0.136310085035486,-0.260870830468387,0.302625349372588,0.266198884718162
"RBM26",-0.100587594570808,NA,0.201346236615267,NA
"PRDX4",0.100694703992267,0.272091292345797,-0.346056592972401,-0.296548557316549
"CTSB",NA,0.183193639803095,-0.267737245187794,-0.143325891754097
"CDC42",0.238971148532827,-0.12883234826267,-0.308730605502567,-0.131657279220323
"AFF4",NA,NA,-0.195452951147411,NA
"AKAP11",NA,-0.101388532950987,0.202582335172221,NA
"EPS8",0.382109646852723,NA,0.113456632944983,-0.308985338250691
"IFI44",-0.129653471150163,0.282018365297672,-0.342449180674523,0.150451390926764
"BAZ1B",-0.189642435642104,-0.104586345499473,0.231039759684271,0.206298857609515
"TMA7",0.129737561388902,0.128890636508995,-0.223660532526319,-0.215269810625873
"SIRT1",0.194509276420897,NA,-0.243888379416228,NA
"AGPAT3",NA,NA,0.146863077156982,NA
"SMARCAD1",NA,-0.102956269479381,0.163452914437287,NA
"TMPO",-0.168608571423881,-0.269479669557097,0.288835522860063,0.35146506534945
"CHD8",-0.133356251601586,-0.102415103159035,0.210256359229109,0.133671874427443
"EIF1",0.202363479018853,0.18876945329616,-0.33889846740048,-0.355393191973592
"GALNT2",0.131773564025455,NA,-0.201020494317602,-0.104499335944287
"CD69",0.217800508831373,NA,-0.263695699813418,NA
"LMO7",-0.187782102286545,-0.181571758248164,0.237767462860988,0.317833934824485
"RPL36",-0.100215925517344,NA,-0.158052832865359,-0.12753907681213
"PMS1",NA,NA,0.152819992950599,NA
"UQCC2",-0.158134883519697,NA,0.238575661052569,NA
"ADAM19",NA,0.125564902909457,-0.254267738341677,0.137444852142286
"RP11-796E2.4",NA,0.116455646513952,-0.224774803154162,NA
"CCT6A",-0.164306252245429,NA,0.24918481277867,-0.120451322077898
"ACTR2",-0.1796440685148,-0.120035471614351,0.265726663541446,0.165018908468309
"STAG3",-0.21613983081267,0.32778135691607,-0.386870308049323,0.264154398483875
"GPATCH4",-0.172481660565348,NA,0.226785478307857,NA
"COX7C",NA,NA,-0.165348028449401,-0.106908854185044
"NDRG1",NA,NA,-0.164385919687757,NA
"NDUFC1",NA,0.109780706940185,-0.253877526227315,NA
"IFIH1",-0.115730970504017,0.282815782968891,-0.327725299647492,0.106597261590644
"TACC1",-0.17313910516342,NA,0.279288223401584,NA
"GOPC",NA,-0.124155327321577,0.186300693977721,NA
"DAPP1",NA,NA,-0.256604110379455,0.144487901251147
"YWHAQ",-0.171665972173444,NA,0.231820065489242,NA
"RPL36A",-0.100215925517344,NA,0.151130847250556,-0.170496364702887
"CHCHD10",-0.13971804201149,-0.100219488379387,0.29566591930296,NA
"SAP18",0.102200416961971,0.106667659985399,-0.206883174411424,-0.130467520317654
"ZMYM4",NA,-0.115874147042185,0.185909728336225,0.122602497792061
"GIMAP7",NA,NA,-0.33016226678048,0.337122080591213
"NOL3",NA,0.110019899561632,-0.228792251503999,NA
"BAG2",-0.103638706199698,NA,0.197705523077094,NA
"RCSD1",-0.180349557649831,-0.188888210732741,0.220934075958512,0.339580399489903
"ATF6",-0.121667293214956,NA,0.193242154025129,NA
"GPRIN3",NA,-0.170750567577043,NA,0.418460065980452
"SYNE2",-0.263112751454005,-0.293140677513094,NA,0.871991843663222
"MYO1F",-0.110977583270685,NA,NA,0.266680638649867
"SMAD3",NA,NA,NA,0.296135636423488
"SAMD9",-0.297688581341415,0.157022171534451,-0.338534400899585,0.58720035395604
"STAT1",-0.231001353780474,-0.259701077034889,NA,0.859793753000216
"PRDM1",-0.122309907960701,NA,0.10444382869646,0.185518552253037
"ARAP2",NA,-0.121068600672516,NA,0.360403694851115
"MPRIP",-0.113744258831013,-0.163457606437628,NA,0.369657732339718
"GBP5",-0.158766008419183,-0.132917920954879,-0.140062375080272,0.642472468995428
"TMSB10",NA,-0.184679229369975,-0.183590035764798,0.481246865174359
"PARP14",-0.199493668918869,NA,NA,0.456315831996402
"ELF1",NA,-0.27928764325913,NA,0.451359108712962
"CASP4",NA,-0.141197128563261,NA,0.376183397208458
"CARD16",NA,NA,NA,0.307934465429337
"GSTK1",NA,-0.101140391448225,-0.116504822747632,0.481805235404459
"NPAT",NA,NA,NA,0.259385138551245
"GIMAP6",-0.122652419549105,NA,NA,0.287181575755887
"STAP1",NA,-0.108716739206853,NA,0.246621858869014
"NEDD9",NA,NA,NA,0.169414909193959
"PYHIN1",NA,NA,NA,0.262368584651802
"SLFN5",-0.144311816437053,-0.117643200659321,-0.134661172512812,0.595354716055369
"SAMD9L",-0.261113950877233,0.157022171534451,-0.338534400899585,0.565220982187857
"SIPA1L1",NA,-0.106752699116064,NA,0.276806903672212
"PRKX",-0.197533501054055,-0.193155491582354,0.162026496769364,0.448129997702493
"TBC1D1",-0.111679503634302,-0.124190622830719,0.132172540989255,0.241477924698287
"KLF2",NA,NA,NA,0.162874664632757
"RAN",0.154496412123688,-0.155745829106296,NA,-0.41299462222964
"GPR65",-0.16368937039573,-0.132531645509483,0.161366354447732,0.303441829497488
"IFITM2",-0.169261714489684,NA,-0.10244509324104,0.541485422261658
"NCALD",NA,NA,NA,0.167132053805983
"FYB",-0.180555873412206,NA,NA,0.405349830426762
"PTP4A2",NA,-0.157193203035777,-0.118224189360176,0.321093984292972
"PYCARD",-0.107325719854016,NA,NA,0.373476888778438
"CLECL1",NA,NA,NA,0.10412313757658
"VDAC2",0.148465107823899,0.117204283202018,-0.154078094013974,-0.339777254698818
"ETHE1",NA,0.222690020552775,-0.153779677987416,-0.393082820321914
"ADD3",-0.228108091575264,-0.144840642642261,0.158180786436341,0.428441875720764
"BDH1",-0.1385268653147,NA,NA,0.238502899981842
"LCK",NA,-0.25676349375462,0.101681148189438,0.42978552759558
"KLF7",0.148724578361926,0.101876113047045,-0.158716031009279,-0.297544782226592
"DUSP5",-0.121014548493364,NA,NA,0.211792966513389
"TBC1D2B",NA,NA,NA,0.18692284858988
"NIN",-0.102205645320001,-0.145010349810171,0.124528985002566,0.269196334588102
"CD96",0.16040034017696,-0.242507703095167,-0.281154093337987,0.450509954238625
"TC2N",NA,NA,NA,0.194991555347718
"RNASEH2B",-0.137701423613018,-0.171555061659603,0.136109261483375,0.35450311062715
"GNB2L1",NA,NA,0.137118290653427,-0.245777821362603
"PPP1R14B",0.143243136831336,0.235301248264705,-0.269443107857021,-0.428333694710165
"OAS3",-0.173099694342493,0.126600056528028,-0.217583225268994,0.357104181273129
"ST3GAL5",NA,NA,NA,0.11456061462677
"HBEGF",NA,NA,NA,0.307142652134416
"HIST1H1B",-0.350687346970551,-0.421469151572517,0.440965814826649,0.628256306219291
"KIAA1551",NA,-0.219633141245365,NA,0.340062212177608
"HIST2H2AC",-0.206970343593036,-0.168046166185804,NA,0.509719856064207
"GBP1",-0.224363530245011,0.120733694503737,-0.173258116446199,0.398632717403042
"RP1-187B23.1",NA,NA,NA,0.142611065258489
"PRF1",NA,NA,NA,0.21553247602562
"PSIP1",-0.220792405596479,-0.157902577713009,0.252285487304693,0.314771572656326
"GZMA",NA,NA,NA,1.25527292345282
"NSF",NA,NA,NA,0.154222151178051
"JAK1",NA,NA,NA,0.331231856610698
"EGFL6",NA,NA,NA,0.219520450336889
"RARRES3",-0.2820117902223,-0.103314777996524,0.245676047507104,0.335532867494293
"CASP1",NA,-0.117755516573515,NA,0.213837014372987
"TRMT112",NA,NA,NA,-0.358972601666411
"SEPT6",-0.121766346023853,-0.136423889572717,NA,0.334606489470629
"LY6E",-0.204920323497293,0.240703579758616,-0.41244169615443,0.421582736894293
"OXR1",NA,-0.112306568663546,NA,0.260978324799773
"BATF",-0.838736531499168,0.258185866401307,0.245875347609407,-0.472239553273245
"SRBD1",NA,NA,NA,0.156521342039054
"SNRK",NA,-0.103355835317277,NA,0.189181278996884
"RPA1",NA,-0.15168779680239,NA,0.318654998710618
"DGKH",NA,NA,NA,0.159025911039848
"RP11-382A20.3",NA,NA,NA,0.176112029495482
"TPM3",NA,-0.195088194175983,NA,0.301927868555199
"SEPT11",NA,NA,NA,0.119549794743284
"SYNRG",-0.137213289659165,NA,NA,0.296597427806446
"CASP10",NA,NA,NA,0.191803623634266
"DOCK2",NA,-0.177806514403354,0.185031230061176,0.210423284095579
"CHD7",NA,NA,NA,0.206143043476091
"PTBP3",NA,-0.102985478448152,NA,0.232968750605281
"CXorf21",NA,NA,NA,0.116765153471064
"CCDC69",-0.127667064713723,NA,NA,0.232810413679198
"GBP4",NA,-0.138105532929878,NA,0.388047492529606
"DTX3L",NA,NA,-0.117823184333733,0.222799873001199
"RRBP1",NA,-0.108361567654881,NA,0.239329639538994
"PRRC2C",NA,-0.234878012227012,NA,0.307298427980898
"ETV7",NA,NA,NA,0.129443597907531
"SUCO",NA,NA,NA,0.184725495807997
"GPR183",0.23327602421633,NA,NA,-0.540080978568858
"CYTH1",NA,NA,-0.142387068402202,0.28227183829801
"JUN",0.262967468103102,0.166179592193683,-0.444880147258847,-0.298963436365081
"C1orf228",0.154834051910922,NA,NA,-0.337600653573434
"STIL",NA,NA,NA,0.133003440834619
"PRKCH",NA,-0.107953689041539,NA,0.259396497882065
"EXOC2",0.190785662117292,NA,-0.173302711558698,-0.371252864359847
"N4BP2",-0.112189295263376,-0.197844706715359,0.160535560564318,0.238337158224691
"S100A11",NA,0.298684331572332,-0.228072530601784,-0.500634145041687
"CXCR4",0.117572429056069,0.384280386647105,-0.429213232983746,-0.497643493461711
"FCHSD2",NA,NA,NA,0.127937294008658
"DOCK10",NA,-0.206414672140257,NA,0.297748501359161
"STAT2",NA,NA,-0.160494116014979,0.251936470420633
"HIST1H2AH",NA,NA,NA,0.159623715501821
"SF3B6",NA,0.183905173432413,-0.170387430960031,-0.30531316608634
"DLGAP4",NA,0.117812189287305,-0.109132924173035,-0.246582434577723
"ANKIB1",-0.149452972612926,NA,NA,0.258908160347363
"CSTF2T",-0.103853489530738,NA,NA,0.184252137291022
"SELPLG",NA,-0.115077836932196,NA,0.204282379600386
"OSM",-0.224144020769002,NA,-0.137519617364782,0.501832142751121
"C19orf38",NA,NA,NA,0.124655248617007
"SEC14L1",NA,NA,NA,0.191427834967861
"CBLB",-0.111597820334939,-0.139028533998173,0.13413071353135,0.26280172481644
"HCST",NA,-0.254619970504927,NA,0.518666405451033
"USP15",NA,NA,-0.119412499290778,0.343930346427367
"NDUFB8",NA,NA,-0.162923567104692,0.336992680161353
"TRAK2",NA,NA,NA,0.180736119851956
