"feature","score"
"PTGER2",30.3894151746285
"PLAC8",26.72264862675
"DPP4",24.4631145654429
"RGCC",-23.1833226825225
"XAF1",22.1028880072357
"PLP2",-21.1024681617735
"GPRIN3",18.6880703489354
"SYNE2",18.6432473984405
"CD48",17.8981688262907
"WIPF1",16.7150918009338
"MYO1F",16.6284539574519
"SMAD3",16.23381481141
"PTPRC",16.021879857724
"JAML",-15.3886711255037
"IL32",14.9214589723821
"SAMD9",14.6647367048939
"ATM",14.3239682419074
"SAMHD1",14.259765952891
"STAT1",14.0997082733907
"EPSTI1",13.9984307638661
"DIXDC1",-13.7641005785617
"DDHD1",13.3353809952042
"ETS1",13.1989781597637
"SMCHD1",13.0445016382708
"CD38",12.9659802752478
"MAL",12.9260145076019
"PRDM1",12.8456732354312
"HIST1H1D",12.7820569686038
"ARAP2",12.684172715276
"TNFSF10",12.6531105479666
"SESN3",12.6063529521484
"MPRIP",12.5177091917585
"ARL4C",12.4812773550922
"LRRN3",12.4453050930319
"GBP5",12.2456862259454
"ZBED2",-12.2189376579446
"TMSB10",12.10555199554
"PARP14",12.072244616392
"ELF1",11.8738565988052
"TRAT1",11.8638738627445
"LMNA",-11.8581568621523
"HRH2",11.8394748314157
"CASP4",11.8145627320857
"CYSLTR1",11.6570926136797
"CARD16",11.5943389514676
"RBPJ",-11.5808762245336
"GSTK1",11.3336233303853
"PIK3R1",11.1889002043434
"RPS6KA5",11.0690378491304
"GSTO1",-10.8443906290496
"AHCYL2",-10.4849573037469
"S100A6",-10.3951607451483
"RPS4Y1",10.3918440945185
"DDIT4",-10.3221775106572
"LMO7",10.2747311907089
"NPAT",10.2138726068841
"GIMAP6",10.1238532027881
"STAP1",10.0155877947822
"EVL",9.91024777464109
"RPS24",9.69262665318349
"TAGLN2",-9.6886385127061
"NEDD9",9.66001989679356
"PYHIN1",9.63760525839088
"SLFN5",9.61465400307095
"ITM2B",9.60625293643869
"SAMD9L",9.59575345984671
"STAG2",9.57336233043154
"SIPA1L1",9.54346733236375
"PRKX",9.5167117352927
"STRIP2",-9.40942920521809
"CD52",9.3259143521648
"OCIAD2",-9.2619277220061
"CST7",9.22669056311027
"LYST",9.1609221007015
"TBC1D1",9.13742281599785
"FAM101B",9.03807937688839
"UTRN",8.88743005387552
"KLF2",8.84356468435603
"ST3GAL1",8.72296983772903
"LGALS3",-8.67819422805198
"AC092580.4",8.67291985358924
"MX1",8.57745963582387
"RAN",-8.51075494507085
"PERP",-8.46368399708823
"CHST12",8.45250838010929
"SOS1",8.44852499147756
"PPP1R2",-8.42715354098899
"DOCK8",8.41881915146448
"XBP1",8.41447956922408
"CTSL",-8.37243793212832
"NAP1L4",8.32294356223719
"CD200",-8.27833151001122
"GPR65",8.26340072118342
"IFITM2",8.23784877975306
"NCALD",8.23151142176781
"FYB",8.21585286270665
"PTP4A2",8.17612205699027
"TLK1",8.14689559271418
"PYCARD",8.13886506857028
"CLECL1",8.12751854388969
"VDAC2",-8.05780080182469
"LTB",8.04530694103417
"RALA",-8.01205940029287
"ETHE1",-7.99193414993065
"TNIK",7.9863157233192
"ADD3",7.94970635670252
"BDH1",7.93391794296216
"MT-ATP6",7.91041198976318
"OXNAD1",7.87779629704431
"LCK",7.87620268261666
"KLF7",-7.87011307470658
"DUSP5",7.84242273753024
"EIF2AK2",7.78585989177165
"TBC1D2B",7.76189086815559
"NIN",7.76000428195206
"ARID5A",-7.75284684825418
"CD96",7.74542124124598
"TMEM123",7.74466192566476
"FRMD4B",7.72724455067475
"TC2N",7.71884327969658
"RNASEH2B",7.70184181995978
"PMEPA1",-7.66916336590033
"GNB2L1",-7.66091695178448
"PPP1R14B",-7.65557269653583
"OAS3",7.57038251986921
"RBL2",7.55163219089311
"ANKRD36C",7.39813970399246
"ST3GAL5",7.39676384088479
"HBEGF",7.33184120129222
"HIST1H1B",7.32709681867728
"IFI16",7.31760387342476
"KIAA1551",7.31337830898793
"HIST2H2AC",7.28809425639754
"GBP1",7.27740453215624
"DNAJC12",-7.27327672126124
"CYLD",7.24798878056637
"LAT",-7.22937986898218
"DYNLT1",7.22761588031682
"GMFG",7.22485483935923
"RP1-187B23.1",7.21792774424654
"HIST1H1E",7.21289365533643
"MMP25-AS1",7.18959297302192
"PRF1",7.15154894421607
"PSIP1",7.13969943962714
"GZMA",7.10815618583331
"NSF",7.0945231640112
"RNF157",7.08289768143073
"IKZF1",7.04488480551075
"JAK1",7.04163540833818
"EGFL6",7.02126568443493
"RARRES3",7.00421074209343
"CASP1",6.99744881316977
"TRMT112",-6.9890345974045
"CFLAR",-6.97478353620776
"SEPT6",6.96149429545836
"LY6E",6.95716334518679
"OXR1",6.92799178479283
"BATF",-6.91903857919143
"NFKBIA",-6.9062151963504
"HIC1",6.90191492049102
"SRBD1",6.8750989564311
"SNRK",6.86344449614902
"RPA1",6.82054406846031
"DGKH",6.7885432513113
"RP11-382A20.3",6.78524671614062
"KIF2A",6.76644860780136
"TPM3",6.72311744969682
"JUNB",-6.68660785126893
"FGFR1",6.65274799807346
"SEPT11",6.64462759786017
"SYNRG",6.62108861526795
"RDX",-6.61205617511458
"PDE3B",6.57261688970257
"CASP10",6.55331247331851
"NUCB2",6.54719038790304
"DOCK2",6.5274083929766
"PGM2L1",-6.51296008970495
"ITGA4",6.4943884019224
"DHRS2",-6.4937468811656
"CHD7",6.47807170283334
"EIF3A",6.4751917201726
"PTBP3",6.47098041115591
"AC090498.1",-6.45371971068101
"APOBEC3H",-6.45105264393497
"CXorf21",6.43956757107808
"RCSD1",6.42716803468626
"CCDC69",6.40337851267249
"GBP4",6.36531664307951
"RRP1B",6.36283876271339
"DTX3L",6.29795652591524
"MRPS26",-6.24782096938923
"RRBP1",6.24122251720945
"PRRC2C",6.2376394458726
"TRAF3IP3",6.23707613324661
"RPS10",6.23149977857925
"ETV7",6.22542357100223
"SUCO",6.21026138383586
"SYTL3",6.20961526770358
"GPR183",-6.20490756227879
"HILPDA",-6.18155443755423
"CYTH1",6.15919151174401
"JUN",-6.1515434526052
"C1orf228",-6.11778341279575
"VPS13C",6.10257968591664
"CAB39",6.06834488841173
"STIL",6.06668233244806
"PRKCH",6.01827266582732
"HERC5",6.00913731608888
"EXOC2",-6.00418878696121
"DDX60",6.00275651285896
"RPL39",-5.95502268337297
"ANXA1",5.95296064482753
"N4BP2",5.95185551340519
"S100A11",-5.94806592963793
"CXCR4",-5.94199344235128
"FCHSD2",5.93828767995485
"DOCK10",5.92234652408165
"STAT2",5.89982804712453
"HIST1H2AH",5.87623397629606
"ITGB7",5.8594633142871
"SF3B6",-5.83598468220391
"DLGAP4",-5.81300093968344
"PPM1K",5.78539222786966
"MYB",5.78351138716172
"ANKIB1",5.77973299512052
"RPP30",-5.76214900363044
"TXNRD1",5.75328505365468
"CSTF2T",5.74383797773389
"SELPLG",5.74282321889918
"OSM",5.74258860269149
"C19orf38",5.74250148107413
"SEC14L1",5.70049423884416
"CBLB",5.66425141191917
"HTATSF1",5.6445871780409
"RAB11FIP1",5.59432112243214
"HCST",5.58455226650066
"RP11-1399P15.1",5.58346277414737
"USP15",5.57252898130907
"ICE2",5.57099977034824
"NDUFB8",5.56107005756869
"GYPC",5.56103041256657
"TRAK2",5.55559427399638
"VOPP1",-5.51062566099129
"CNTRL",5.50967323061153
"HSP90AB1",-5.50474402133762
"SBF2-AS1",-5.47356077294386
"STAT4",5.46427085796525
"TNFRSF1B",5.45996961856757
"ORAI2",5.44970509603041
"SETD2",5.43947731930346
"MYCBP2",5.4232000790928
"LNPEP",5.41261334115218
"MBNL1",5.39361505944644
"APOL6",5.38962505789311
"TXNDC17",-5.38644317166302
"EEF1A1",-5.38621917178211
"NFATC3",5.37933900597702
"SERBP1",5.37203288902725
"PMCH",5.36153488175181
"BPTF",5.34531236991905
"CDC37",5.33861024398403
"MIS18BP1",5.33706035003693
"IVNS1ABP",-5.32676107420773
"MT2A",-5.32180843898591
"KIAA1524",5.32143699846531
"DPYD",5.32121570739643
"EIF1",-5.28209674900557
"MBIP",-5.28021262691281
"SYTL2",5.28007051346938
"CAST",5.27793190298935
"MT-CYB",5.27409096632231
"PEAK1",5.2738186383306
"FHL3",-5.26535372475261
"KIDINS220",5.25679368722582
"IFIT3",5.2536770752714
"PPP1CA",5.22823343608167
"RUNX3",5.22130151504812
"NFIL3",5.15692574119342
"LMO4",5.13043570321939
"BTF3",-5.12837707300983
"AC147651.4",-5.10423149265299
"SPTBN1",5.09401126568053
"PTPN2",5.09396249940644
"IRF1",5.09287485453077
"ARPC2",5.0904796187555
"BARX2",-5.07681063379127
"HCFC1R1",-5.07435880612425
"SPN",5.06531077988728
"P2RX5",5.06334033112481
"PTPN7",5.05846361144378
"MEOX1",5.04175664563328
"RASGRP2",5.03569520157866
"CALM3",5.03242945021109
"METAP2",-5.02974239431302
"ZBED1",5.00248413197198
"AIM1",4.99789074239013
"NPM1",-4.97797779830183
"RGS14",4.95521026197921
"CRIP1",-4.94276193361082
"GIMAP4",4.9364003501501
"CIB1",-4.91641783083125
"ZC3H4",4.9115316095049
"TNFSF8",4.90396922125897
"AC133644.2",-4.89893723084398
"NDFIP2",-4.89192565287086
"ITPR1",4.87769791906641
"CD40LG",4.8359029901827
"ITGAL",4.83560566539294
"RASA2",4.83292891347365
"IL18R1",4.83241404826533
"IPO7",4.82813127749992
"RPLP1",-4.8129400315549
"POLQ",4.81149256636002
"CLEC2B",4.80895847911034
"DDB2",-4.80731099154588
"SMARCA5",4.80610106613641
"CASP8",4.80477378949163
"HNRNPA3",4.79460387424436
"PUM2",4.78943819892199
"SNHG15",-4.78799003732643
"BCL2L14",4.78537383793928
"NCL",4.7706221348138
"UBE2F",4.76980401304614
"IRF2",4.76979123247849
"PIK3IP1",-4.76788099530235
"ZNF33A",4.76236924454242
"FBLN5",4.75828476997753
"OAS2",4.75555088689897
"RPS14",-4.74988750003745
"CEP85L",4.74935656008318
"PFDN4",-4.74529345090719
"TMEM14C",-4.74128067150401
"ATP1B1",-4.72235712263359
"MGST3",-4.71945961303919
"KIF3A",4.70428600440064
"MSN",4.70358123395017
"BST2",4.69692321655468
"MZB1",4.69372775427129
"ANKRD36B",4.68809012754837
"RSAD2",4.67388395783163
"LYRM1",4.67094161844037
"H2AFY",4.66520248190057
"PGAM1",-4.6601982742945
"TOP2B",4.65791418580117
"CTSS",4.59918296486419
"HSH2D",4.59808941809841
"IQGAP2",4.59323865045725
"DIDO1",4.58842919728058
"CBX3",4.58101589547699
"TCEAL4",-4.58041833281748
"IFI6",4.57958285143761
"OAS1",4.57281049632297
"SLAMF7",4.56796126379593
"PIKFYVE",4.55252216125295
"C21orf91",4.54061736975274
"DDX17",4.53931245856095
"PARP9",4.5370897828717
"FAM49B",4.5355100187607
"FNBP1L",-4.53023758904341
"RPL28",4.52236749172062
"ESD",-4.51741809308054
"AC006129.2",4.51644912072291
"SERTAD2",4.51294502838354
"XPO1",4.51087151493631
"CLK1",-4.50336311827477
"ZFAS1",-4.50227991728928
"DNAJC9",4.48938266423408
"APEX1",-4.48421078997443
"IFI44L",4.48195202127057
"S100A2",-4.47376354523037
"LARS",4.46327308406469
"PAK2",4.46165685028699
"LDHB",-4.45855296936765
"SATB1",4.45573069478155
"FAM65B",4.44801251857966
"TMF1",4.43280513182946
"CD99",4.43123740290068
"CMPK2",4.39928580554399
"TLE4",4.38210723329722
"EIF3D",-4.38133459479552
"PLSCR1",4.36940668117642
"PTK2",-4.3679213452205
"CCDC88C",4.36225484450144
"UBE2Q2",4.36118743331631
"ASXL2",4.35874424709713
"FBXW7",4.34263953303337
"LTBP4",-4.34188668190538
"SOCS1",-4.33026356206633
"IL27RA",4.32969967513856
"TNFAIP8L1",4.32941783580975
"S1PR4",4.32016088880096
"GNAQ",4.31614151552489
"BNIP3",-4.30768961041634
"ANKRD13A",4.3069937135641
"BUB1",4.28488482716254
"DNMT1",4.26784573529381
"SMG1",4.2669953750137
"CREM",4.26091421335448
"TANK",4.25953313552141
"TRAF4",4.25696184348172
"CNPY2",4.25677971631921
"TRIM14",4.25380502075747
"PTGIR",4.24348326908112
"LAP3",4.24062825298651
"PSPC1",4.22488563330473
"ADTRP",-4.22196518593545
"NOSIP",4.22158863148186
"UBE2J1",4.21547743417143
"DUSP4",-4.21246537187732
"BTG1",-4.21036319460479
"EML4",4.2036977622236
"PKM",-4.20112042300055
"ITSN2",4.20035009844556
"DNAJB6",-4.19885789643138
"ZNF217",4.19800074472535
"RGS10",-4.19102183011589
"RPL34",-4.18504885888194
"CALCOCO2",4.18487062416406
"BRCA1",4.1830440794073
"GCC2",4.16435116332132
"EPB41",4.16273653520673
"EIF3E",-4.16159917545145
"STK17B",4.15563121381145
"ARGLU1",4.14536239830685
"THADA",4.14102527878518
"OXSR1",4.13902487438113
"SLC38A1",4.13135026704534
"MACF1",4.12949512091294
"LPAR6",4.11904257599599
"PAG1",4.10667013629613
"PDE4D",4.09759924704598
"A1BG",-4.09097901196396
"APBB1IP",4.08192447305637
"LMCD1",-4.08164106253446
"TIMP1",-4.07715383367617
"TTC32",4.06823176415797
"GIMAP7",4.05664027812507
"C19orf43",4.055712780967
"PAICS",-4.05495757238222
"FOXN3",4.03753013427118
"FBXW5",4.03600087919089
"SLC43A3",-4.02898361167095
"KXD1",-4.02651723285001
"AIDA",4.02527446429195
"TRIM25",4.02323852733174
"EVA1C",-4.0113775029184
"SPEN",3.99937512913297
"AUH",3.99210239170889
"ISCU",3.99206026100533
"RABAC1",-3.99151253249276
"RB1",3.98362510535957
"UBR5",3.98243036002325
"SOAT1",3.97945788083423
"NOP10",3.97169149601581
"TBC1D10C",3.96094915506769
"ATAD2",3.95648485421383
"NACA",-3.94897991803767
"IFIT2",3.94820466038184
"PRKDC",3.94485017307267
"NPIPB5",3.93771979979086
"RGS16",-3.93711133417603
"SPTAN1",3.93157331723691
"SP4",3.93131542958531
"STAU2",3.92783728569521
"TSHZ2",-3.92455845864602
"ZC3H13",3.92373262679813
"STAG3",3.92002503853919
"G3BP2",3.9179272319597
"SUGT1",-3.91699745945244
"TNRC6B",3.91076811238223
"FBXL5",3.89507202296975
"CLSTN1",3.89059578640863
"PPP4R3B",3.88090111616958
"SLFN11",3.88077564370876
"TRIM26",3.86910126937143
"KDSR",-3.86573134688647
"DGKA",3.86010940953074
"ANKRD37",-3.85892426551188
"RP11-443B7.1",-3.8544373352247
"SOCS2",3.85118652526233
"AIMP1",-3.84440386321602
"PPP1R13L",-3.84408056270086
"IFIH1",3.84224640013757
"EIF1B",-3.8327070969191
"NCBP1",3.83231044304565
"TGOLN2",3.82482299470581
"NDFIP1",-3.8228734263644
"EVI2A",-3.81286929315781
"CASP3",3.79787226514878
"GOLGA4",3.79384197060772
"PTPRN2",3.78893824684217
"EMP3",-3.78828998270973
"DDX60L",3.78776909870371
"LCP1",3.78401447846531
"BIN2",3.78251244879226
"CD44",-3.77609704586189
"PSMB8",3.77474137988374
"ADI1",3.75289008141634
"CARD11",3.75044809509511
"CASC5",3.74285086788508
"DDX58",3.73914297801109
"TMPO",3.71337235837541
"CLEC2D",3.71271576788194
"SKIL",-3.71246258199689
"GLB1",-3.70686561578906
"PVT1",-3.70579874511424
"KLF3",3.69235016371986
"HAVCR2",3.68766526362339
"STK17A",3.68175314359409
"COTL1",3.68005615215241
"CCL20",-3.67611964094479
"VCPIP1",3.66894278283113
"PLEKHO1",3.66761690478909
"UNC119",3.66000390466837
"KDM5A",3.64786626159845
"BZW1",-3.6401438831256
"FBXO5",3.63573477570792
"SLF1",3.62115093657729
"VPS13A",3.60880744017314
"AKAP7",3.60802082369961
"SFI1",3.60285521629998
"LTA",-3.60200011309361
"RBBP4",3.60151865632295
"CLIP1",3.60065437645859
"HNRNPAB",3.59553407621198
"SEMA4D",3.59325405608062
"HNRNPR",3.55852086949195
"HMGA1",-3.55700105251689
"PARP4",3.54974316611803
"CHI3L2",3.54383016829516
"CLTA",3.54265284576626
"TATDN1",-3.53978239515069
"LGALS1",-3.52816435478642
"ANG",-3.52313358563588
"INTS8",3.50475898191911
"SLC38A2",3.50343736845873
"CCT7",-3.5033145515727
"GPBP1",3.50116504763403
"CLTC",3.50055403409768
"MVP",-3.49746874902828
"IZUMO4",3.49502854105771
"HECTD1",3.49209102332886
"MKI67",3.49163335675698
"ACAP2",3.49027264592913
"P2RY8",3.48788578704768
"AKAP12",-3.48491574970846
"MAN1A1",3.48425927889126
"NCR3",3.4825357332493
"YWHAB",3.47976628702864
"RNF213",3.47762806700877
"PNN",3.47685698833768
"SLC39A14",-3.47391006911518
"TIPARP",3.47110524376212
"INPP4A",3.46999789817694
"LAYN",3.46649524215658
"EPS8L2",-3.44452055218836
"TSLP",-3.43573715772027
"UBALD2",3.43492688404061
"SP140",3.43182940282863
"IFI35",3.41872365150414
"SMIM20",-3.41711437983022
"MBP",3.4155493130889
"CD59",3.41374966331682
"RASA3",3.40043634442766
"DCP2",3.39796926183478
"OLA1",-3.39724781490462
"RPL35A",-3.39472928205259
"CHRNA6",-3.39376901999011
"NAPA",3.3897305966429
"SLC39A8",3.38914135625065
"NET1",3.38686168978295
"LBR",3.38034256777666
"FTH1",3.37713854361342
"TMBIM6",-3.37548973722736
"CHD1",3.37380889647652
"TFRC",3.37035379268311
"RPS15",-3.36278106379968
"NDUFA13",3.36162472645301
"FAM43A",3.35828396082018
"RABGGTB",-3.35759135251331
"COX20",-3.35653934520695
"SYNE1",3.35301877813682
"BRD7",3.35254831755059
"SNX20",3.34616075821903
"SLC2A4RG",3.34498898568647
"UPP1",-3.34253230689212
"AHCTF1",3.34124486831051
"CNN2",3.33117438154451
"NCAPD2",3.32802599028672
"SMG7",3.32450004630246
"EPB41L4A-AS1",-3.31861411674083
"PRDX4",-3.30553455245086
"HNRNPUL1",3.29879215552208
"IFIT1",3.29221378611429
"RBMX",3.28592498739895
"FABP5",-3.2858856815324
"CD2AP",3.272570478351
"FTL",3.27179505642055
"NMI",3.26928852580264
"C16orf13",-3.26927956902844
"IL2RG",3.26668991930156
"ARHGEF9",3.26556828103638
"BIRC3",3.26410471452395
"SLF2",3.26357471018548
"CORO7",3.25590403815433
"WWP1",3.25576885756617
"LIMD2",3.25032718571763
"SEL1L",3.25029939419268
"LRMP",3.25003684442723
"HAGHL",-3.24991298538615
"PPM1G",3.24877590251277
"N4BP1",3.24140446472438
"IL17RA",3.23862690196177
"GYG1",3.23829177272801
"MGAT2",3.23220941776612
"TMC8",3.22967414288403
"UBE2K",3.22847482597228
"EBI3",-3.22775058445528
"CTSC",3.22765144413011
"NFKBIZ",3.22532483929101
"STK10",3.22377067881338
"CBX5",3.20848446163722
"TBC1D14",3.204885149926
"CDKN1A",-3.20355323104045
"SEC31B",3.20158572877718
"ST6GAL1",3.20019461757966
"TMPRSS6",-3.19979290619262
"NAPSA",-3.19816052988793
"ANKRD17",3.19629679765329
"ZNF770",3.19576783987701
"CMTM3",3.19261425992685
"CASC4",3.18646389229384
"UVRAG",3.1852603294087
"SS18L2",3.18472473392256
"MPP1",3.18056583548493
"RPL37A",-3.18002624238408
"ATRX",3.1779904760172
"MDFIC",3.17622961511549
"KLHDC4",3.17412762718393
"WBP5",-3.17264229431917
"MSH6",3.16881268593282
"IL21R",-3.16421998511747
"TRIM21",3.16343957627398
"SYNE3",3.15984450055748
"ADA",3.15885218460287
"ARHGAP25",3.15840552321162
"FAM107B",3.15774852678554
"TFAM",3.15419749227489
"SUPT6H",3.15286899659988
"CTDSP1",3.15105121451151
"CTTN",-3.14907253082479
"ZNF655",3.14824257492211
"DDX52",3.14616692460531
"NCOA3",3.14547676736297
"AHNAK",3.1449066923379
"GPSM3",3.14481104082202
"ZNF92",3.14222601313002
"PIBF1",3.14132929293188
"LINC00152",-3.13865291399514
"SOD1",3.13098601534381
"MICU1",3.12906118672872
"SRP19",3.12869377786153
"FKBP5",3.12852563532357
"JAK2",3.12612358174587
"CCT8",-3.1256364440198
"TAOK3",3.12563013688457
"MKRN1",-3.12490655942261
"RP5-1171I10.5",3.12306652329631
"PBXIP1",3.12271573117739
"ENY2",-3.12083113533489
"C6orf106",3.11927860428297
"TMA7",-3.11635650081741
"UBE2E1",3.11509911801441
"PKN2",3.11491862285208
"FAAP20",-3.11401902587016
"LGALS8",-3.10983522385875
"ARHGAP30",3.10700098496135
"GABPB1-AS1",3.10176817817142
"ZNF107",3.0980430536273
"USP48",3.0936432583926
"ECHS1",-3.08866149961344
"ATP6V0A2",-3.08627597714272
"ENO2",-3.08545244861379
"NAMPT",-3.07954119052652
"EED",-3.0739592513247
"HNRNPU",3.0717411119328
"GADD45GIP1",-3.06661602365964
"RPS4X",-3.06422416124259
"LST1",3.06281552786556
"STK38L",-3.0593723405338
"SLK",3.05594070867713
"C15orf48",-3.0552041217686
"GMCL1",3.04610216819532
"C1orf162",3.04205299023578
"THEMIS",3.04119703496037
"IFIT5",3.04093313269452
"PHACTR2",3.03455858757977
"TAF7",3.03271426728292
"CUEDC2",-3.02581565326424
"BATF3",-3.02017914930445
"RABEPK",-3.01644578568614
"SLC39A4",-3.01537225667977
"CD226",-3.01338711311365
"TAOK1",3.01059144000395
"TNFRSF8",-3.00201975984865
"MASTL",3.00016045453087
"DAD1",-2.99735713299496
"IFITM3",2.99733430340518
"RAB29",2.99706610341404
"PIM1",2.98859202295843
"PRKCDBP",-2.98025205366756
"PIM3",-2.97595679520321
"OGDH",2.97167206251483
"MKLN1",2.96908752795177
"CD151",-2.95778097696023
"SPTLC2",2.95417784829478
"TXNIP",2.95108998185475
"NCAPG",2.94929251521899
"CCR4",-2.94711336880953
"MAP1LC3B",-2.94364074595368
"FGFR1OP2",2.93582128787303
"HELB",2.93366537703569
"RHNO1",-2.93310177456194
"DEGS1",2.93085501741853
"DENND2D",2.92768909738504
"OPTN",2.92616981717624
"ARPC1B",2.92017058132262
"PRCP",-2.91963489768455
"FAM105A",2.91414678405692
"PPFIBP1",2.91284591645973
"TESPA1",2.90744075327955
"MX2",2.90228591661578
"HERC6",2.90208273601892
"SEC31A",2.89460244615162
"CARD8",2.89349908878017
"RAC1",-2.89031328752875
"TOPBP1",2.88942972859808
"MTPN",2.88839429179722
"PRG4",-2.88366292068928
"SMARCC2",2.8816850017802
"PNRC2",2.88140035354689
"CUL4B",2.8809206022697
"CCND2",-2.87952139982243
"ATP11B",2.87740057737702
"MYSM1",2.8759713610773
"NME4",-2.8743342801289
"SEMA7A",-2.87419990240151
"TTC37",2.87346178477051
"MLLT3",2.86783963501135
"MAX",2.86148055095037
"CD68",-2.85977842556869
"SETX",2.85742127672658
"GIMAP1",2.8544286308259
"FBXO11",2.85259947558817
"PDLIM1",2.85103432572575
"ATPIF1",2.84977854928122
"RPL22",-2.84897243539885
"AKAP8",2.84838593794237
"RPL36",-2.84824065816433
"NENF",-2.83961402616311
"NDC80",2.82901396678292
"OASL",2.82840794407901
"GNB5",2.82145892007235
"RAPGEF1",2.81288131038008
"RNF168",2.81198780063095
"NDUFS5",-2.81034896632137
"BIRC6",2.80895689617968
"HNRNPA1",-2.80427160101613
"AK3",2.80408150469772
"RASGRP4",-2.80051770657698
"INPP5F",-2.80036519804202
"SKA2",2.79220948022994
"KLF13",2.79215136260892
"MORC3",2.78870166828882
"MT-ND4L",2.78506095907348
"IL6ST",2.78054176556808
"DEF6",2.77858194265429
"DHTKD1",2.77761622939523
"ZRANB2",2.77048650682491
"ADNP",2.77025889558691
"NUP160",2.7683182837163
"WHSC1",2.76680433178854
"CALD1",-2.76311025821883
"MT-CO2",2.76305325695078
"TRMT13",2.76111461050198
"IL2",-2.75941137314077
"AC013461.1",2.75576866572944
"DENR",2.74885261767354
"TRIM28",2.74291420944341
"CORO1A",2.74031693712994
"RPL36A",-2.73789835837747
"LAGE3",2.73552775151313
"CHD4",2.73286934550586
"C1GALT1C1",2.73070375086091
"SLFN12L",2.73021586405379
"LAMTOR4",2.72902542687818
"CCDC28B",2.72536598412689
"POLR2H",-2.72391902972442
"S100A10",-2.72382029487921
"ABHD14B",-2.7235049403239
"RANGRF",2.72302297831496
"SYS1",-2.71741281162131
"ATF7IP",2.71600157968239
"RSBN1",-2.71493047281568
"RHOH",2.71400091564246
"MIF",-2.71310066821631
"SCAF11",2.70829525890548
"CCDC151",-2.7034114122713
"NELL2",-2.70289547723938
"USP12",-2.70173384418928
"PHF23",2.69411101049133
"ROCK1",2.69287918367749
"GLRX3",-2.69069051082626
"ZBED5",2.68246908802106
"MCM3AP",2.6777403308827
"RBM6",2.67618678876391
"BOD1L1",2.67260037329272
"TRIP12",2.67152338157626
"GMPR2",-2.66890135991485
"ARF4",-2.66715339384644
"STIM2",2.66450995769046
"VTI1B",2.66306060847533
"ARHGDIB",2.65749566339373
"INPP4B",2.65556027641343
"KLHL42",-2.654780588499
"ATAD5",2.65342719293993
"HP1BP3",2.65039438897761
"PML",2.65019647332731
"CCDC66",2.6439952970346
"USP1",2.64391009549315
"PFDN2",-2.6403020704632
"SLA2",2.63927814716207
"RPLP0",-2.63704734242892
"ACSL4",-2.63612881410248
"YWHAZ",2.63474577875517
"ISG20",2.6341519435544
"GS1-279B7.2",-2.62385132902255
"EIF4G1",2.62226742880585
"SRSF10",2.61928752887545
"RGS3",-2.61830627759465
"KCTD20",2.61086136366295
"BCLAF1",2.60790320135099
"PRKACB",2.60672378958725
"APOBEC3C",-2.60456994650546
"AC109826.1",2.6028496806333
"IER3",-2.60258027836126
"GPKOW",2.60102931838567
"FCGRT",-2.59807875792097
"ENDOD1",2.59764286293229
"USP18",2.59658398174721
"YBX1",2.59594578831825
"DBF4",2.59558777450216
"CELF2",2.59498425952625
"F5",-2.58940067595494
"SLC25A45",2.58431318202497
"TPGS2",2.57983587219292
"RNH1",-2.57800829599541
"OFD1",2.57763717433608
"PELI1",2.57735888857192
"NUP50",2.57530863985889
"AP1S1",-2.57310833517991
"NUFIP2",2.57252936389622
"HNRNPC",-2.57204479231969
"FUT7",-2.5688097679686
"ICE1",2.56869680613671
"PHACTR4",2.56783761562129
"ODF2L",2.56528193734625
"NIPBL",2.56321526605299
"RBM23",2.56061209454808
"DNAJC2",-2.55639595670422
"CCDC85B",2.55490011208261
"IRF3",2.55471847861112
"C16orf72",2.5539137216698
"REEP5",-2.55288215843676
"API5",2.55192047022745
"PPIF",2.55151847083214
"C11orf31",2.55132146563862
"CACYBP",-2.55043328306327
"MPDU1",2.54949637859801
"FBXO6",2.54880249924645
"RPL3",-2.54687334924176
"WNK1",2.54537944425231
"MPHOSPH9",2.54474440690906
"IKZF3",-2.54468391130221
"ZCRB1",-2.54264073434871
"TET2",2.53961816441004
"PRPF38A",2.5395757566739
"CMPK1",-2.53609329629073
"CTDSPL2",2.53377744141185
"SLC25A4",-2.5327026988918
"BLM",2.53220698710998
"TCOF1",2.52873252684828
"NEIL3",2.52631385330321
"TNFAIP8",-2.52551959664961
"SLAMF1",-2.52414744825078
"C1orf43",-2.52164450446337
"FOXP3",-2.51955357328984
"ANXA2R",2.51828352932347
"OSTF1",2.5162601422692
"TAF1D",-2.51570683163255
"MTF2",2.51389482844351
"RAB13",-2.51137677716206
"UBE2B",-2.50609680685092
"RAB20",2.50590703438039
"UBQLN2",2.50489056624842
"ARCN1",2.50275626580893
"CENPE",2.50053276963864
"CENPC",2.49298140429318
"INTS10",2.49217879514022
"ESCO2",2.49190356359219
"GALNT10",-2.48728220343288
"VDAC1",-2.48599122722849
"BTBD1",2.48423880877582
"AK2",-2.48408950045978
"SERINC5",2.48406921002313
"ARFGEF1",2.48347478970097
"CENPK",2.4825489176303
"SF3B1",2.48198050626401
"STIP1",2.47647994216709
"ODF3B",-2.47525920149885
"HIST1H1C",2.47416440736165
"IMPDH2",-2.47343644712468
"DESI2",-2.46866518328348
"OSER1",-2.46680386582791
"MYO9B",2.46576074100836
"TRNAU1AP",-2.46416485933818
"NCAPG2",2.45982204686218
"UBR1",2.4569819348472
"ZNHIT1",2.45678049134864
"CYTH4",2.44982315800898
"SBNO1",2.44873491555532
"RSL24D1",-2.44828992369137
"KLHL36",2.44793626697012
"APOPT1",-2.44636596897604
"CLSPN",2.44258192138337
"DBNL",2.440899057403
"KEAP1",2.44027210590577
"CDK5RAP2",2.43906350183018
"RAC2",2.4368588570279
"CD2",-2.43465713055756
"HSD17B8",-2.43294789284062
"SAYSD1",-2.43018108675835
"TIMM9",-2.42728293030207
"GPR132",-2.42674162685572
"USP7",2.42535631123952
"NAPRT",-2.42468009740326
"PPIL1",-2.42231638904859
"TXLNA",2.41766676933425
"WAS",2.4159910534433
"BAZ1B",2.41490027357889
"IKZF4",-2.41395110607827
"DCAF11",2.41202077650224
"SAMD8",-2.40893637765098
"MED4",2.40748279398695
"F11R",-2.40407182652054
"MT-CO3",2.40363753528722
"M6PR",2.40128547543439
"AAED1",-2.4001725684216
"SMC1A",2.4000749844319
"ISG15",2.39920546725499
"ZBTB2",2.39547478851371
"SASS6",2.39303672473633
"VKORC1",-2.39202279408069
"EFR3A",2.39137351369089
"KIF14",2.38956857186252
"HNRNPA2B1",2.38916099787766
"TLDC1",2.38829648825991
"ENOPH1",-2.38527630139144
"TYMP",-2.38130701545438
"GDI2",-2.38011811406944
"AES",2.37908681731476
"PARVG",2.37895702495112
"SMYD3",-2.36458436437445
"KIAA0922",2.36397868610286
"KCNN4",-2.36138194596648
"ELP6",2.36062162777667
"GOLGB1",2.35974935351035
"MTHFD1L",-2.35970997485656
"PRR7",-2.35963286198087
"KLHL9",2.3589307303965
"SAMSN1",2.35742639321934
"PLGRKT",-2.35325403239873
"DYNC2LI1",-2.35071206334681
"LDLR",2.35029633026444
"RXRA",-2.34919079307172
"MYL12A",2.3489388399979
"BARD1",2.34815439258002
"PLIN2",-2.34760506673429
"HSPB11",-2.34440467799256
"CHPF",-2.33955638843732
"SNX1",2.33859394508857
"KLK1",-2.33770026895862
"ANXA11",2.33690107000231
"EHMT1",2.33489341305392
"ARHGAP18",2.33255532644344
"IDH2",2.33116065715319
"SNHG7",-2.33081595168137
"RB1CC1",2.32853706014616
"ANKH",-2.31886234458887
"ZMYND11",2.31879611929046
"SDC4",-2.31426140265307
"CAPN7",2.3136876917605
"CD27",2.31330822424729
"KANSL1",2.31037878677473
"IFRD1",-2.31031307003515
"KDM5B",2.30791190992336
"TTC14",2.30428692240454
"C12orf65",2.29935059607832
"HAPLN3",2.2906966372354
"POR",2.29062740442429
"TUBB",-2.28971948448517
"CYBA",2.28677544696652
"PPP1R14A",-2.28337442922871
"NDUFAF2",-2.28258671444325
"ILF3",2.28069282201875
"RBM17",2.27985831279458
"ATP5G2",-2.27395624780724
"PPP2R5E",2.27136941918996
"CAMTA2",-2.2711072776117
"LSP1",2.26727454749327
"PFKFB3",-2.26705150624316
"LUC7L3",2.26590796283765
"ZDHHC12",2.26280431028864
"ZNF593",-2.26176242768548
"NSMCE2",-2.25722482540913
"RNF114",-2.25388091426084
"GZMM",2.25293003276852
"MFF",-2.25223314324201
"RNF187",-2.25050512682241
"LPCAT2",-2.24952013263622
"DOK2",2.24770981082765
"WDR54",-2.24470625028524
"SPOP",2.24247224195312
"EIF4B",2.24176603319491
"ASF1A",2.24018936275944
"RPS3A",-2.23714251391378
"MAPKAPK3",2.23456058920243
"GTF2H1",2.22926644620456
"GIT2",2.22663750617595
"KMT2A",2.2235762270537
"SPINT2",-2.22343374312509
"YME1L1",2.22262203646998
"GABPB2",2.2219120232846
"KRT10",-2.22183640123314
"TROVE2",2.22140776270221
"BISPR",2.2177021172294
"RFC1",2.21428278272884
"HOOK3",2.21423436783331
"RUNX1",-2.21012457748703
"HUWE1",2.20828975604156
"SORD",-2.20816163907853
"LRRC58",2.20686178891061
"DCUN1D5",-2.20684288428793
"USP37",2.20460401436165
"DAPP1",2.20422469732832
"TPP2",2.20239941113412
"CASP8AP2",2.19895849892939
"PPP6R3",2.19343179859414
"PPP1R8",2.19323096506104
"ACTR2",2.19013955596493
"EIF4G3",2.18933163245239
"MRPL40",-2.18585132412901
"DTNBP1",2.18516390458426
"PTPN1",2.18006333188487
"AKNA",2.17974896318014
"PPP4R3A",2.17872514469482
"LEO1",2.17834795008434
"MYH9",2.17817082585302
"CD9",-2.17646028526783
"DACT1",-2.17520702340396
"TNIP2",-2.17352604277393
"RPF2",-2.1734882076133
"PCNT",2.17160299291287
"TAF15",2.17129000883682
"TRAPPC6B",2.16921911414135
"SRSF5",2.16713562103443
"UNQ6494",2.16097480824682
"TCF25",2.15244693986027
"MEAF6",-2.15092383842537
"CD247",2.14790532288369
"ZNF581",-2.14600800797507
"GNPDA1",-2.14093931112833
"TMEM99",-2.14055633959404
"POLB",2.13967236881504
"CYB5R4",2.13894843720585
"RPS23",-2.13526309526953
"BTAF1",2.13263249765217
"ANKRD36",2.1313221978227
"CKLF",2.12999810526221
"NEK6",-2.12924914011063
"COX7A2",-2.12831883417712
"USE1",-2.1276610103889
"VPS4B",2.12699381990418
"BCL2",2.12685095313101
"FAM195B",-2.12631863666158
"TUBA1A",-2.12626377958729
"ELK3",-2.12520266027449
"CAPZB",2.12457792352895
"PARP1",2.12152020626106
"APOD",-2.12104683189683
"HMGB2",2.12055100127965
"YWHAH",2.1198405481836
"KAT7",2.11537110975597
"SCOC",-2.11349796743791
"ARL2",-2.1117889053092
"SGOL1",2.11160874420898
"IL1R2",-2.11117849948623
"UPRT",-2.11108272116234
"LRRFIP1",2.11090667257694
"AP3S1",-2.1106532218872
"ACP1",-2.11016155236518
"SPEF2",-2.10991460698847
"ZMYM4",2.10501439491814
"P4HA2",-2.10240180708835
"ORAI1",2.09981322969199
"ZMYND8",2.09491415507503
"SLC25A37",-2.09446352454664
"GNG2",2.09338123029597
"PHF6",2.09255526291816
"STX16",2.0923047192304
"DERL1",-2.09013450609431
"TMEM14A",-2.08763017615678
"IARS2",2.08734350855377
"ZC3H11A",2.0856340599694
"SQRDL",-2.08466830099338
"IFI44",2.08398041239033
"POLE3",2.08395877460909
"ATG5",2.07988181607148
"FHIT",2.07630242480316
"HBS1L",2.07440851515353
"EML2",-2.07183263964008
"DIAPH1",2.07061417573421
"ZNF106",2.07033899230751
"UBE3A",2.06917221773727
"KDM6B",-2.06727340853242
"CKAP2",2.06551130003293
"PPP1CC",2.06388561605537
"SLC3A2",-2.0629755337749
"DEXI",-2.06096329852656
"PCK2",-2.05903819363898
"DDI2",-2.05717152860056
"CEP152",2.0538973793842
"SRPRA",2.05272102040933
"SCLT1",2.05001209959051
"ACTR10",-2.0495720903791
"LINC01281",-2.04949488026054
"SGOL2",2.04833606303922
"ARID4A",2.04758011200151
"PSME1",-2.04485524922863
"NKTR",2.04367111593639
"RAD21",2.04102481541992
"HMSD",-2.03921894003852
"EPC1",2.03910812231186
"SLC2A1",-2.03806173714251
"PDCD5",-2.03700535588174
"DZIP3",2.036421435153
"CREBZF",2.02938395609258
"PTMS",-2.02678018988561
"FLI1",2.02201219389007
"PIP4K2A",2.0207443510722
"USP16",2.01721729457302
"WDR1",2.0161408381397
"DUSP11",-2.01551774002151
"ARL1",-2.01508435503566
"ERH",2.01337401395008
"GPBP1L1",2.01312813517886
"EPB41L2",2.01264378153001
"ARPC5",2.01168090831505
"PSMD8",-2.01104987627795
"RPAIN",-2.00920680685653
"BUD31",-2.00891733446641
"MICAL2",2.00791781421728
"TIFA",-2.0044997847415
"MCM3",2.00422436462393
"RNF7",-2.00399663145132
"COMMD3",-2.003700891581
"NBPF19",2.00302338737239
"CMSS1",-2.00120458868382
"QARS",-1.99979971627496
"UBE2Z",-1.99828374054255
"MECP2",1.9979375282409
"SMAP2",1.99742668775403
"EDF1",1.99589813128195
"SUZ12",1.99542961277339
"SNRPB2",-1.99482057073048
"GINS4",1.99328610829955
"C6orf89",1.99158838623733
"SNRPE",-1.98938735643572
"AFG3L2",1.98842943912384
"RPL31",-1.98754924307781
"ZPR1",-1.98706565526027
"CSRNP1",-1.98654934646649
"GUK1",1.98532067068889
"CCDC127",-1.97994281739939
"SLC5A3",1.97748331238034
"SLC16A1-AS1",1.97622442457592
"CCDC6",-1.97481610701092
"H3F3A",1.97157003181723
"C5orf56",1.97127864877694
"ATF4",-1.97064629620201
"COMMD6",-1.97012828310175
"RPL4",-1.96849970959485
"HIST1H4C",1.96839847074325
"FDX1",-1.96767372387857
"LIF",1.96571550374252
"EMB",1.96381178689754
"TRIM56",1.96305910448631
"NCOR1",1.96069146922092
"ARF1",-1.95863930625578
"YAF2",-1.95846292970877
"EZR",1.95692556898978
"NDUFA10",-1.95616105983297
"C19orf48",-1.95094889090946
"NUDT2",-1.95084216184187
"YTHDC2",1.95073048787458
"GRIPAP1",1.94707502004489
"DAXX",1.94639234965908
"EID1",1.94635646346386
"ZFY",1.94471184224161
"CTD-3138B18.5",-1.94438452612604
"YBEY",-1.93997901769521
"PIN1",1.93562719826468
"ATP5H",-1.93541888894394
"C14orf166",-1.93443425095476
"AFTPH",1.93399671498526
"SLC35F3",1.9326791475345
"ZNF675",1.92988455552945
"SGTB",-1.92900134695478
"RRAGA",-1.92608906685479
"USMG5",-1.92579872889729
"COQ9",-1.92488629619691
"HCLS1",1.92230864379182
"DDX3X",1.92205533007068
"ZDHHC6",-1.91926078671176
"TMEM126A",-1.91918551974342
"SLC4A7",-1.915515636831
"SPTSSA",1.91550136538689
"ADAM19",1.90727259463063
"SLC39A10",1.9067165998637
"PTPN11",1.90569411513372
"MAT2A",1.90460542316188
"IL10RA",1.90428288695039
"FARS2",-1.90249112988021
"KDM4B",1.90177121693479
"SEC24D",1.90070125188432
"CCT3",-1.8998467205762
"MDH1",-1.89764869028189
"MT-CO1",1.89679340192471
"UBE3C",1.89461991463273
"MZT2B",-1.89283727688792
"CCSER2",-1.89279845924572
"PSMA3-AS1",1.89131896038762
"PRPF38B",1.88967479152547
"SUN2",1.88611354254492
"SP100",1.88432779437975
"C6orf48",-1.88326415859858
"KIAA1586",1.88280334807433
"HM13",1.88268163847651
"FAM111B",1.88250774153263
"ZFAND1",-1.88156792576408
"TES",1.87926423258405
"STAMBP",-1.87699147453551
"NBN",1.87584782853665
"PRKCB",1.87442041426669
"MAZ",1.8741055694143
"CHCHD2",1.87147951850205
"RPL38",-1.87029707468069
"RPS28",-1.86793336450111
"CCNA2",1.86604534571049
"GGCX",-1.86213123154148
"TMEM107",-1.86160153981447
"HSPE1",1.85949547624457
"PJA2",1.85932219791415
"ANXA6",-1.85781571346897
"PALLD",-1.85776718910895
"SUPT16H",1.85184922883874
"MRPL39",-1.85134321624631
"RPL9",-1.85084138755489
"DNAJC18",-1.85008373811451
"DDX24",1.84655338537017
"MIS18A",1.84575705235864
"UBAP2L",1.84284068642596
"EXOC3",1.83758130857867
"KISS1R",-1.83669529028452
"GAPVD1",1.83629425274437
"SPG20",1.83358017133189
"SLC25A5",1.83355087089667
"VCP",1.83075406207719
"NPDC1",-1.82994238857321
"PIAS1",1.82861350858165
"FAM96A",1.82832092212653
"XRN1",1.82639387360578
"CTCF",1.82562732486578
"HIF1A",1.82515098777365
"CENPF",1.8244709620048
"HMGB1",1.82395277916847
"LDHA",-1.81747605405955
"ZCCHC11",1.81517928510611
"TBC1D17",-1.81408939267953
"CHD8",1.81306153157796
"TPX2",1.81245640556823
"ACTL6A",1.81189627940632
"PDE4B",1.80994160050057
"IRAK4",1.80918632998991
"RNF126",-1.80891807947171
"LEF1",-1.805554830626
"DDX46",1.80275643419145
"PSMB10",1.80189187740485
"CFL1",1.79908233661449
"ST8SIA4",1.79901709298833
"ASH1L",1.79616531745022
"SET",1.79074617739309
"FAM60A",-1.79024483781052
"HMGN2",1.78568228998354
"PSMB1",-1.78564720449129
"ATP5F1",1.78155468816166
"C9orf142",-1.77901173228443
"PTGES3",-1.77641775837363
"CAPRIN1",1.77431653032779
"APOBEC3G",-1.77271605291973
"SAE1",-1.77238891676081
"HJURP",1.7717792920106
"PATL1",1.76944635031705
"IL10RB",1.7676137193388
"NPRL3",-1.76736248997676
"FBXO9",1.76403275900994
"IL7R",1.76183507456194
"CINP",-1.76114572489636
"AK6",-1.76081270842559
"CD164",-1.76019629402502
"LYPLAL1",-1.75802948526227
"NUP98",1.75758356194799
"TMC6",1.75687983802481
"ZC3H12D",-1.75593939433145
"MT-ND5",1.75479049905491
"MSMO1",-1.74827090635124
"CD47",1.7473416891995
"MT1E",1.74639743671316
"RPL7A",-1.74632023074051
"SMC5",1.74566044072834
"CLNS1A",-1.74406768706308
"BLVRB",-1.74349023009946
"SSBP4",1.74277107877387
"TRABD2A",1.74216055682155
"NOB1",-1.73920170297845
"SURF2",1.73884651240217
"CDC25B",1.73787955937503
"PSMG3",-1.73739838692494
"PSMA2",1.73690419067419
"RAMP1",1.735509383538
"SERPINB6",-1.73106468669714
"HEBP1",-1.72845779788141
"TOMM20",-1.72798827351609
"IMPAD1",-1.72667544649601
"TNKS2",1.72598890668834
"ADAM10",1.72494668785935
"HNRNPH3",1.72347402434491
"PTRHD1",1.72322625225945
"FYTTD1",1.72302021603515
"ARPC5L",1.72250236957274
"TOP2A",1.72145425471959
"KIAA0040",1.72122367420419
"KLF6",1.72061225592584
"FAM3C",1.71673391187534
"JAK3",-1.71514321885266
"DDRGK1",-1.71316052699618
"DTD1",-1.71196264503274
"DGCR6L",1.71024391285104
"BRD4",1.70940047327914
"TSC22D4",1.70801518240674
"BRCA2",1.70686229314069
"ICAM3",1.70159313946269
"PRR11",1.7010562014877
"NCOA7",1.69989708466169
"DCAF8",-1.69918989818299
"FOXN2",1.6989307286691
"RPL29",-1.69716662749405
"CSTB",1.69682015599872
"BTLA",-1.69488581326973
"ZC3H7A",1.68942902376069
"MFSD10",-1.68919206845964
"LAMTOR3",-1.68842177943334
"TRIM38",1.68778693557231
"SASH3",1.68529090326988
"GAMT",-1.67813689469183
"PYCR1",-1.67772370221831
"ADSS",1.67738420563871
"EIF2S1",-1.67699190053304
"HLA-E",1.67676775300707
"FAM208A",1.67572977160101
"ING2",-1.67522772078379
"ITGB2",1.67435119847144
"SNX3",-1.67088623104066
"NSD1",1.66989961024072
"ISCA1",-1.66649159804688
"LBH",1.66642950002808
"SECISBP2L",1.66634806774745
"CDKN2AIP",1.66525667087226
"HSPH1",-1.66520109758151
"SERPINE2",1.6619341930211
"CISD2",1.65527793176948
"LINC00649",1.65349871912141
"MAGED2",-1.65323720103915
"MIA3",1.65269386963099
"SNAP47",-1.65174744239791
"CD83",-1.64996996417176
"C12orf57",-1.64989234096204
"STAMBPL1",1.64952468013732
"RPS7",-1.6494512309092
"FYN",1.64863770052506
"FEN1",1.64830965356428
"NIFK-AS1",1.64598808080996
"MRPS18B",-1.64560485996758
"ENO1",1.64501254237933
"SCCPDH",-1.6439432115967
"ARID4B",1.64167209429088
"SUSD6",-1.63945212115765
"CCNL1",1.63712874764907
"TIA1",1.63481460558712
"FUT8",1.63452183836543
"ANKRD39",1.63284013352433
"NGFRAP1",-1.63095651220339
"CEP350",1.63079167780656
"AURKB",1.62943241191332
"PTDSS1",1.62894087210038
"ARL6IP4",1.62289201759582
"BTG3",-1.62181278955036
"PCNP",-1.62081545432589
"PAIP1",-1.61831370013086
"MTHFS",1.61761381962109
"RIMKLA",-1.61665286378765
"GNA15",1.61591938296491
"FLYWCH2",-1.61442707029883
"TMEM9",-1.61413497599963
"CDCA7",1.61410786440869
"MAD2L2",1.61380368827035
"SDHA",1.61116898457871
"UBE2D1",-1.61071331729522
"C15orf61",-1.61003419831166
"TMEM160",1.60755582417915
"LARP7",1.60649075039833
"SRSF9",1.6060189011008
"TNFAIP3",-1.60569738978206
"ARID5B",1.60567157987785
"SRI",-1.60184951588164
"CAMK1",-1.60166421171808
"TNFRSF25",-1.60037273454917
"FGD5-AS1",1.59986814410207
"RRP7A",1.59811828690628
"PITPNA-AS1",-1.59567029943261
"PPIL3",-1.59264724330227
"UBE2N",-1.59168714874476
"ADAR",1.59041263058592
"RGL4",1.5898687091591
"MGMT",-1.58734696963775
"ORC6",1.5822890330478
"SUMO2",-1.58149925888698
"RHOF",-1.58098707863248
"SSU72",1.57739361825776
"AGPAT2",-1.57726346660588
"ZDHHC4",-1.57696068080488
"NDUFS1",1.57397238249875
"UQCRC1",-1.57291028180964
"MALSU1",-1.57261661002207
"RPA3",-1.57210860267186
"AHSA1",1.57047355883513
"TRAM1",1.57041452367624
"GLRX5",1.56975327539247
"DNAJC13",1.56953446351444
"DPCD",-1.56946387702937
"ANKRD44",1.56566392054532
"C19orf70",-1.56554219075804
"CTNNA1",-1.56534218815041
"TDP1",1.56515394415067
"CCT4",-1.56290470101183
"PRDX5",-1.56226149611292
"C12orf75",1.56097229893731
"TDG",1.56093513042518
"RNF145",-1.56078251058229
"MPHOSPH8",1.55745948227524
"ERAP2",1.55616099345758
"MRPS15",1.55555755091053
"WDR76",1.55466477226293
"ELOF1",-1.55422899661106
"DIS3",1.55312029914095
"TNFRSF14",1.55100588268162
"SREK1IP1",-1.54854820186542
"MBD5",1.54820062080903
"SNHG12",-1.54751830051229
"UXT",-1.54733586935534
"ERGIC2",1.53869054148858
"NUSAP1",1.5361988224556
"PDCD1",-1.53600539942677
"SMARCB1",1.53568686180578
"TRAPPC4",1.53531328987463
"LAPTM4A",-1.53244759004143
"ACTG1",-1.52740658177525
"GSTP1",-1.5266955681285
"DLGAP5",1.52128595366137
"PRDX1",-1.52101763564394
"PARK7",-1.51948733963789
"VAMP5",1.51943912200092
"PAIP2",-1.5193919542986
"PSMA1",-1.51783579420141
"COX8A",1.51781488611309
"TERF1",1.51625930146416
"ARL6IP5",1.51419860038592
"NSA2",1.50980558728145
"NSMCE1",-1.50928726055431
"COMMD1",-1.50693510644885
"MTRNR2L8",1.50491728418072
"DHX36",1.50422590252718
"SAP18",-1.50244610913454
"NUDT4",-1.50109849440428
"ARPC4",-1.49990612697057
"EIF3M",-1.49733094747557
"SLC9A3R1",1.49725087989001
"POP5",1.4968235689348
"CD300A",1.49377261462299
"ARF6",-1.49253596867324
"RRS1",-1.4919549552739
"MYL6B",-1.49191297494399
"MRPS2",-1.49039328188345
"TPK1",-1.48973848314217
"UBAC2",1.48911871157614
"COX6C",1.48866472670798
"SLC16A3",1.48810842598289
"TIMM10",1.48798257723849
"PWWP2A",1.48766204925284
"PIGP",-1.4864044155493
"SYPL1",1.48419259246844
"DNAJC19",1.48201255924378
"SUPT3H",-1.48163315218875
"AC104820.2",1.48119750801079
"EXOC1",1.47945918250269
"MAT2B",-1.47898575169826
"MYL12B",-1.47599566887102
"SLTM",1.47555690649936
"GBE1",-1.47536349870659
"FAM162A",-1.47532664647663
"DHFR",1.4750269323929
"HNRNPU-AS1",1.4703964551976
"RPL37",-1.46986769281435
"TNIP1",-1.46767709410099
"COX6B1",-1.46707321951139
"MINA",1.46686323169711
"RAB1A",-1.46671359310442
"TRBC1",-1.46602021652107
"IMP4",-1.46551946175222
"SUCLG1",-1.46424136621319
"TMEM256",-1.46393856069531
"RBM10",1.46230485750973
"AP3B1",1.46030070294169
"PPA1",-1.46010503971245
"PSMF1",-1.45971968727192
"WDR33",-1.45385975331009
"ATF3",-1.45235798406436
"CLDND1",1.45052559344429
"PDK1",-1.44973176263808
"PRR4",1.44959951864196
"SLC7A5",-1.44731748384317
"ACBD5",-1.44494833505553
"LYAR",1.44377309909307
"TUBA4A",1.43865477151581
"NINJ1",-1.43320269771407
"C17orf58",-1.43318392388356
"CCNB1IP1",-1.43202134119744
"VIMP",-1.43133137072749
"SNX2",-1.43010760674859
"AIF1",-1.4274930170183
"TCEAL8",-1.42640061771786
"NFE2L3",1.42627734595779
"DNAAF2",-1.42627733563659
"CCDC152",-1.42608261713158
"PPP2CA",-1.42544559079283
"ATP6V1D",-1.42378356125226
"TNFSF14",-1.42163258377205
"ABI1",-1.42131761557573
"CCDC58",-1.41775657379662
"CEP55",1.41673600570711
"MYC",-1.41528519132236
"CPNE1",1.41162970474827
"NUP37",-1.41082245819474
"AP1M1",1.40857892808128
"IFT57",1.40772780640424
"EIF5A",1.40689424737384
"CWC22",1.4068024000529
"POLD3",1.40206028536486
"ECI2",-1.4015050702423
"DEK",1.39875746372554
"PRPF4B",1.39749386434629
"SMARCC1",1.39679745876238
"POLR3K",1.39617941384994
"CARHSP1",1.39257180924535
"ABHD17A",1.39132259381928
"RP11-347P5.1",1.39081896767092
"LAPTM5",-1.38898985202305
"GNAI3",-1.38862984141164
"METTL13",-1.38860007792842
"ZMAT5",-1.38855294984753
"SRSF4",1.38692297089737
"SUPT4H1",1.3866905420401
"PIK3C2A",1.38525995576339
"LSM5",-1.38376670043906
"CWC15",-1.38347489125062
"RNF181",-1.3833627294842
"GNB1",1.3807445489692
"SRP14",-1.38050096752625
"ACTN1",1.37826781251932
"C12orf29",-1.37723169598547
"GINS2",1.37553455145352
"PPP1R15A",-1.37439086879114
"AMZ2",-1.37328727375172
"DGKZ",1.37284834754099
"CCL3",1.37075390628998
"SRRT",1.36931965476634
"MGST2",-1.36687819859809
"SLC25A6",1.36680080482292
"ARHGAP11B",1.36523069503427
"RYBP",-1.36446128908876
"MIR210HG",-1.36411342595006
"TAF9",-1.3629884199122
"UBC",-1.36258605095088
"MLEC",1.36049625149153
"VDR",-1.35866212864453
"GHITM",-1.35753502541285
"RPS27L",-1.35630477043877
"EXOSC3",1.35595358446774
"GARS",-1.3548289637209
"AHI1",1.3545582397385
"PMPCB",-1.35434404134188
"TMEM258",-1.3531751083745
"USP10",1.35295752201699
"BEND5",-1.3524666365101
"STX8",-1.34827939491372
"IAH1",-1.34819614317271
"UBE2R2",-1.34532556551727
"SCAMP2",-1.3452278252481
"SP110",1.34520427240782
"PSMA4",1.34476855237583
"ANKRD28",1.34269290021268
"UBASH3A",1.34234680449957
"EIF4A2",-1.34112392211897
"CTNNAL1",-1.34093998535407
"CMC1",-1.33906462610347
"UHRF1",1.33881617438102
"LYPLA1",1.33559327110813
"MRPL34",1.33379850683595
"ARHGAP11A",1.33303155158888
"POLR2A",1.33297922626989
"PGRMC1",-1.33161003622371
"RTFDC1",1.32554587270657
"PAPOLA",1.32553463064116
"DDX5",1.32532923440857
"NDUFAF3",1.32391569756902
"COX7C",-1.32360570438148
"BCL6",-1.3224552570901
"FGD3",1.3203434965063
"PRR13",1.31978893660731
"SH2D1A",1.31899764962293
"ZC3HAV1",1.3185062086766
"SNU13",-1.3169991927637
"FAM26F",1.31348188021257
"CYB5A",-1.31117351785845
"RGS2",-1.31114097802304
"CTLA4",-1.31050915002947
"PPP2R1A",-1.30558950664157
"EIF3F",-1.30330460969418
"INO80C",-1.30251653379066
"WHSC1L1",1.29930735331574
"KLHL7",-1.29621010236056
"ACTR3",1.29618065071275
"STAT3",-1.2935565482558
"SCAPER",1.29166701688742
"BCL11B",1.29103724954737
"PFDN1",-1.29098944792356
"CKS2",1.28990576013878
"CD3G",1.28922364630759
"POLR2J3",1.28754162268855
"ID3",1.28691865495347
"NEDD1",1.28586303696401
"RALB",1.28353394056928
"RBX1",-1.28344677373641
"EIF6",-1.28291117320218
"MAD1L1",1.28187803681414
"DUSP3",-1.27882068469401
"IER2",1.27757534109503
"HMOX2",1.27658315599625
"MRFAP1",1.27594905037896
"TTC3",1.27524689017806
"PAXBP1",1.27512693046578
"C12orf45",-1.27345008245847
"XPOT",1.2734273101336
"GCSAM",1.27091075898504
"RP11-553L6.2",-1.26861053979045
"CDK6",-1.26255400177778
"MSI2",1.2622998145568
"PROSC",1.26014324387746
"TNFRSF12A",-1.25656564314972
"IFNAR1",1.25339336935798
"TP53RK",1.24990975732658
"P2RY10",1.24955564866187
"UPK1A-AS1",-1.24850974698181
"SEC23B",1.24782006486254
"USO1",1.24482679246512
"RPL5",-1.24438816465633
"KIF2C",1.24378669572285
"TPM4",1.24376497027231
"TPRG1",-1.24306672142295
"CDC27",1.24276743847628
"PHF20L1",1.24144444163639
"TNFRSF9",-1.23976714842672
"MDH2",-1.23722831416756
"ECSIT",-1.23311615076785
"ARHGAP15",1.2328665086569
"DRAP1",1.23101131493286
"MRPL27",1.22739079368479
"KPNB1",1.22080189497548
"GTF2A2",-1.22049604740713
"COMMD8",-1.22001438944466
"LSM12",-1.21571689366127
"FBL",-1.21446366478435
"AP2S1",1.21059190975932
"SMIM3",-1.21049468264289
"MAPKAPK5-AS1",-1.21008913654984
"ZNHIT3",-1.20517040209598
"BTN3A2",1.20018684091274
"FDFT1",-1.19902576195578
"SERPINB1",-1.19899202915538
"ANP32E",1.19352457613176
"MRPL14",1.19276668291056
"HELLS",1.19119526310541
"IMMP2L",-1.1906298452661
"MORF4L1",1.18977529814523
"PLK3",-1.18603389260193
"TOPORS",1.18450741636642
"TM2D3",-1.18389304334837
"EIF3I",-1.18366579127418
"ATRAID",-1.18193626855352
"PPIE",-1.18069503349283
"TIMM8B",1.1789209962832
"CTSB",-1.17287016213316
"RP11-798M19.6",-1.17156406098339
"UROD",-1.16921876545418
"PDIA6",-1.16095697147589
"GADD45A",-1.16022511821866
"MRPL10",-1.15934558914159
"CYC1",-1.1587746403514
"PPP2R2A",-1.1564175617304
"SNRPF",-1.15554960242754
"NUMA1",1.15498182159186
"ANKRD12",1.14976156458446
"DCTD",-1.14903866559361
"EHD4",1.14656603910383
"EIF2A",-1.14356152053355
"STC2",-1.14318050317161
"FXR1",-1.14218541913031
"VEZT",-1.14061842600552
"PCMT1",-1.13996000937299
"RAB7A",-1.13823074325045
"TSPO",-1.13819276106234
"LINC00116",-1.13755324153348
"MIAT",-1.13394545879954
"SELL",-1.1327576104763
"RNF8",1.12668944564202
"DUSP10",1.12579010959615
"POLR2J",-1.12562098027532
"UPF3A",-1.12540303639378
"MKRN2",-1.1251427025784
"TUFM",-1.12511029612518
"SLC39A1",-1.12448142582004
"DYNLT3",-1.12142825762565
"LINC01588",-1.12022628968252
"PGAP1",1.11979065305202
"MLF2",-1.11873578379755
"WDR45B",-1.11835138648025
"SAP30",-1.11723436650605
"SEPT9",1.11601416920391
"PRC1",1.11597732726558
"ZNF511",-1.11570691741112
"CPNE3",-1.11076312944351
"VIM",-1.11052538145585
"WARS",1.11036432274381
"UQCR11",1.10865052034046
"SNX5",1.10617617991253
"POLR2E",-1.10592647861226
"NSUN5",-1.1052950033945
"ASPM",1.10051889231314
"ESF1",-1.09838507649052
"RAD50",1.09689389366806
"PCBP1",-1.09619484814805
"RNF138",-1.09454650687196
"HSPD1",-1.0940809935782
"UCHL3",-1.09364900659452
"YIPF6",-1.09101208852581
"CLPP",-1.08971688822844
"CCDC90B",-1.08945458050529
"RPL22L1",-1.08944391185881
"KIF21A",-1.08887537809828
"HNRNPD",1.08881695589791
"IL16",1.0881914981356
"AHR",-1.08656554681673
"YWHAE",-1.08627783426336
"UGP2",1.08558611403936
"COX7A2L",-1.08480858680133
"CREB3",-1.07854586753609
"MAP2K2",1.07826792620481
"MRPS12",-1.07278421391805
"RP11-138A9.2",-1.07256712708431
"CD74",1.07210025581565
"CENPU",1.07065760435869
"SYNGR2",-1.06685690416341
"CCDC64B",-1.0661644130146
"SNRNP25",1.05938354265565
"ACAP1",1.05729666065766
"ALDOC",-1.05690120549229
"MRPS9",-1.056108862602
"GK",-1.05568084575373
"BRMS1",-1.05443833832183
"CEBPZOS",1.05050386877987
"INSIG2",-1.0502551929691
"GTF2F2",-1.04839230280723
"SLU7",-1.04710399534448
"MRPS6",-1.04680830917634
"TJP2",1.04640958004893
"PPP6R1",1.04480009046973
"C1QBP",-1.04400015190686
"TUBA1C",-1.04184431238699
"EIF4EBP1",-1.04089207094642
"MRPL37",-1.040517390383
"EXOSC9",1.03743127307529
"PYURF",-1.03507656805314
"RTN3",-1.03365105788029
"HSP90AA1",-1.03274442121406
"ASCC1",-1.02971189369833
"COX7B",1.02741017658856
"ADRM1",1.02584217974513
"PDCD10",-1.02518514861396
"MTHFD2",-1.02088858843218
"MAPK1",-1.02025511992866
"MGEA5",1.01971182232271
"CORO1C",-1.01964120376673
"PTGER4",1.01958403634353
"AEBP2",-1.01944352827031
"FAM177A1",-1.01781060445738
"KLHDC2",-1.01751705774716
"NT5DC1",-1.01562168884528
"VAMP8",1.01458444010433
"CUL1",-1.01178340069175
"NSRP1",1.0112354178378
"U2AF1L4",1.01084652303136
"RP11-390F4.3",-1.008028928149
"GMPS",-1.00658711453742
"TACC3",1.0057834666914
"SLA",-1.00422620133984
"SERP1",1.00357481688918
"ERCC1",-1.00249517924361
"CFDP1",-1.00222583362328
"ITK",-1.00069982433224
"ARL8B",-0.999705185069964
"DNAJB2",-0.99929073890326
"RPS19BP1",-0.999269758559513
"C19orf24",-0.9942201887566
"TMOD3",0.99413529263791
"SMC4",0.993608014108219
"MPZL3",-0.993179330978524
"MRPL9",-0.991074800478817
"KAT6B",0.989837081705136
"EBP",0.98927297337217
"TBC1D4",-0.986086799706705
"ZNF148",0.984995631101061
"PPIL4",-0.981922852993553
"CORO1B",-0.980553592655366
"SHISA5",0.978730463071389
"TMEM120B",-0.976949974261946
"MRPS27",-0.974158926657138
"TAP1",0.971293084571529
"TOP1",0.969095700998454
"ACOT13",-0.966200749356115
"C1orf52",0.964255323155323
"NPM3",-0.963083992316306
"ABLIM1",-0.962175193297547
"LINS1",0.962023077055302
"MAML2",-0.961489291485017
"YARS",-0.960100827948868
"LCMT1",-0.958344247953973
"HADHB",-0.958254136211923
"AAK1",-0.957093018651184
"BCAS4",0.955119711538557
"WBP11",0.954173488042755
"DBI",0.946425821984762
"BAZ1A",0.945836411195498
"RANBP2",0.940895848843917
"CBR1",0.940387216036489
"DCXR",0.937861513280961
"ATP5J",-0.937659270916328
"PUF60",-0.93653227256682
"RSRP1",0.934740386516286
"ZNF292",0.930002365383418
"VPS37A",-0.929830855584147
"GLO1",-0.927376141132551
"HERPUD1",-0.922790588744025
"GEM",-0.916865201493798
"ARMCX3",-0.91599561528019
"RNF34",0.915722892472418
"ILF2",-0.913872627782781
"PHF19",0.909733672477881
"ADM",-0.907719335752802
"RNF149",0.907342264883769
"SLIRP",-0.905914062771087
"NR3C1",-0.904202830455908
"UBE2C",0.902574902849379
"RAB9A",-0.89902953619626
"CMTM6",0.896597366778054
"SRP54",0.896310828032315
"HSPB1",-0.890729525272609
"ETS2",-0.889925060073423
"WDR82",0.889187048274468
"CDK1",0.884660487097473
"FBXL3",-0.883845775149317
"CD53",-0.88155572944337
"YIPF5",-0.877584580837987
"SH3BGRL3",0.874438056869622
"AQP3",-0.873218045021163
"HTATIP2",-0.870775158247961
"EVI2B",-0.870373725003163
"STT3B",0.866174677988524
"MAGOH",-0.865448086173672
"SNX6",0.857732034387727
"NOP56",0.856736029735035
"PGM2",-0.855965119378902
"UBTF",0.853459122019426
"EMC2",-0.850392810724315
"ATXN3",-0.849468563228307
"CLINT1",0.848530397237888
"NKG7",0.848122898208214
"SLC25A26",-0.846599295467736
"BTF3L4",-0.844909562116126
"CDCA8",0.837265285421815
"GNL2",-0.836663921686285
"CCDC174",-0.836169167667683
"PSMD14",-0.834849962988311
"TNF",-0.83250735456447
"PDIA3",0.830763967243588
"ARRB2",-0.827145644872071
"PCBD1",-0.824386591419068
"WDR74",-0.824309152394773
"WDR43",0.82310813533913
"STMN1",0.822655507155357
"CSGALNACT2",0.820246749243283
"IFI27",0.81329126276533
"RNASET2",-0.811318770646933
"HNRNPM",0.810985657358107
"H2AFX",0.80724434370579
"EXOSC1",-0.80686092922668
"FURIN",-0.804004795054215
"KMT2C",0.803780337548921
"SEC62",-0.802354217419933
"TMEM173",-0.801263330065823
"AKAP9",0.796277139601306
"PSMA6",-0.79468731537756
"TSTD1",-0.793252742731651
"CYP20A1",0.792408360496803
"EIF4A3",-0.787906912109833
"GLIPR1",-0.783300175748158
"CCDC64",-0.782630245646937
"EFHD2",0.782459046783732
"CCND3",0.782185853766857
"SND1",-0.780024329336489
"FLOT1",-0.779361609145203
"MCM4",0.777912900589428
"SRSF11",0.777329974120576
"COPRS",-0.776805584823366
"TRIM22",0.776768670702298
"U2SURP",0.776512470425286
"NCBP2-AS2",0.773911839965138
"CSNK1G3",-0.773471814498452
"COMT",-0.770026245689032
"SAFB2",0.769865107375607
"CCNG2",-0.766631966643168
"C6orf1",-0.765481813654781
"PSME2",0.75110954069777
"FAM195A",-0.751098027597604
"BUB3",0.7478476454494
"TCF7",0.745209098235492
"KIF20B",0.743297378333907
"TXN2",-0.728045755809802
"CD7",0.725621564179904
"RCHY1",-0.721835913021928
"RP11-11N9.4",-0.721270859379201
"EIF3L",-0.720988849970504
"DYNLL1",0.716514077908564
"GNPTAB",-0.710685112779312
"HMMR",0.710152476396887
"E2F1",0.707899808825561
"PHF3",0.706736711765158
"JAKMIP1",-0.695390027549343
"PA2G4",0.69425121781503
"AURKA",0.694186240654749
"C11orf1",-0.693409576860121
"UHRF1BP1L",-0.690925129643994
"VPS28",-0.68158598167103
"CDC20",0.678461985807239
"MDM4",0.678040540066301
"METTL5",-0.674837076931806
"GRSF1",-0.669824756157336
"SEC61G",-0.668790260698695
"MRPL51",-0.666379579652938
"ETFB",-0.665417775109929
"BTG2",-0.662950717229067
"PHF11",-0.661171134054156
"CCL28",-0.649384239345323
"PNRC1",0.646992128204051
"ODC1",-0.644896656457448
"PHGDH",-0.642173763466091
"NUF2",0.638248499076818
"G0S2",-0.635579351686717
"PTTG1IP",-0.630414788122592
"CEBPB",0.625399191529155
"CDCA2",0.62535589861002
"ICOS",-0.624942423712784
"UBQLN1",-0.623784063249226
"EIF4A1",0.621022029439845
"HDGF",0.619645817310473
"NDUFC2",0.617968538576686
"GLTP",-0.613870147810954
"MZT1",-0.611138741723502
"ARG2",-0.59517597626308
"LINC00998",-0.593929405357679
"MYO1B",0.593360622411209
"UBB",-0.591916999821867
"RASGRP3",-0.590461567802539
"PSMB2",0.588512654908635
"KMT2E",0.583373169096826
"GGA2",0.582545977781915
"H3F3B",-0.579749814415564
"KIF23",0.57875446609255
"CCT6A",-0.578561200865423
"JUND",0.576147522134651
"STRADB",0.57489665686583
"CDC45",-0.571156782555825
"NKAP",-0.569587117693324
"CBX6",-0.563670489094569
"PLPP5",-0.562656654342435
"CD82",-0.559120410199399
"BIRC5",0.554264312837201
"SAR1A",-0.550886844109821
"HSPA5",0.548422195940674
"BLOC1S2",-0.544580922224376
"GALNT2",-0.537247611471288
"CDC42",-0.53668713923868
"UBE2T",0.536494352722361
"PSMA7",-0.536252956864449
"EIF5B",0.534919542877303
"ATP6V1G1",0.529419701727935
"AP2M1",-0.527494669387076
"MRPL41",0.523507271311972
"IQCG",0.52237108215558
"H1FX",0.509658529016949
"ID2",0.503195965756929
"PCED1B",-0.502199321312884
"POMP",-0.499390909409206
"MANF",-0.499359177129579
"AKAP8L",0.496083427765069
"SEC11C",-0.494877702403056
"SQSTM1",0.472239984629403
"ARPP19",-0.472005767998722
"CALM2",-0.469935358038747
"ANKLE2",-0.460528298558656
"NEAT1",0.454401011723981
"SLC39A7",0.445990647860156
"KMT2E-AS1",0.44054048550632
"HSPA1A",0.437781479398023
"CDKN1B",0.435723871063934
"GPR171",-0.427742822500137
"SELK",0.422935392768624
"RNF125",-0.419256972780502
"CKAP2L",0.417236564242255
"SLC50A1",-0.402604301732396
"C9orf78",0.40174334090414
"ARL6IP1",0.400626496451629
"MPZL1",-0.393149458734317
"ACP5",-0.391501238239718
"TNFRSF4",-0.38459121254803
"PDCD4",-0.383345644316748
"DNM2",0.382642363799774
"H2AFZ",-0.365219919373032
"IKBIP",-0.358005352527007
"TRBC2",-0.35729352435161
"DUSP2",-0.352493575930674
"PTP4A1",-0.348125683039319
"GPI",0.332686646546741
"TXN",-0.332273709408034
"MT3",-0.329920694587295
"PABPC1",-0.325901174211586
"PTPN6",-0.317744329779387
"GRAP2",-0.296911135974196
"PARPBP",0.277011537763293
"HN1",0.276294858780735
"CD70",-0.256714698316683
"MIR155HG",0.240070451958398
"GATA3",-0.23234318452808
"REL",-0.210721175414697
"GLUL",-0.178517178229903
"CCNB1",0.142784532455729
"PTTG1",0.141035136988297
"INSIG1",-0.0935797678274016
"DNAJB1",0.0746750986772594
"MALAT1",-0.0184837397994688
"DDIT3",0.0178195107723645
"HSPA1B",0.0144474036794472
"HLA-DRA",0.0108366858405255
"ALOX5AP",-0.00814663507341956
"RORA",-0.00346622066804118
