"","group_Th17","group_Th0","group_iTreg","group_Th2"
"IL9",1.61861410351962,-4.67463678022171,0.716649849769819,-4.43100663294906
"TYMP",0.675509306704343,-1.04057563425231,0.540645996448893,-1.20176101041244
"S100A6",0.629378310490583,-0.677459445343761,0.25577493331798,-0.785064468229232
"S100A11",0.503067942600805,-0.97104643170079,0.627346036182067,-1.05660624509178
"ETS2",0.925675642181828,-0.839360729983858,NA,-0.750506583658956
"DHRS2",0.513799634629967,-0.469301934344885,0.113856764188475,-0.476741389939976
"FLOT1",0.428494465982153,-0.486026566996371,0.299839657283882,-0.711051867135257
"RPS6",-0.348833321638469,0.543599158186927,-0.51518475800154,0.428348613980573
"CALM1",0.374077121207646,-0.510621835787036,0.223369204878654,-0.352713239550559
"JUN",0.555996731470557,-0.752023218022175,0.387208260550674,-0.828967010896602
"VIM",0.608679259077896,-0.842339683025331,0.458218428665216,-1.05237121613081
"RPS27A",-0.272859667570363,0.468206834253406,-0.464270634342338,0.384157297073127
"PLP2",0.387036700382259,-0.607894990543407,0.492729729607637,-0.938873294366903
"RPS29",-0.241394793641993,0.265955347170966,-0.19959017891509,0.271538092700951
"OCIAD2",0.381267018483288,-0.628980637728337,0.388495213121009,-0.583106456695131
"ISG15",0.555239481534265,-1.17234652604626,0.798352198801786,-1.55130711444029
"RPL4",-0.352178241995105,0.494046220060834,-0.49619406029976,0.479868881722991
"EIF4B",-0.422343623503908,0.315655058432101,-0.326910561489355,0.586362570335226
"RPL7",-0.354677133825554,0.618675532908294,-0.585971296059037,0.412174941202418
"RPL5",-0.369861188226859,0.429295404385921,-0.40943524903739,0.481421150871051
"S100A2",0.183657431639629,-0.10796321208681,NA,-0.10057544731495
"RPS24",-0.327276301442724,0.341666171463511,-0.320935657451247,0.439425681928828
"RPS17",-0.296494301254452,0.378276152711272,-0.350134399477377,0.390996106215773
"TIMP1",0.780810526931958,-1.36210275581711,0.566846811074903,-1.12347292757684
"RGCC",0.626935013083407,-0.704111369545816,0.389815508201914,-1.15602561543244
"AC090498.1",-0.3218015153663,NA,0.267012155209332,NA
"RPL15",-0.219086966092547,0.351336313792137,-0.305474251240778,0.271866798948341
"ZNRF1",0.291620264455754,-0.171030146001196,NA,-0.165361978444439
"RPL3",-0.294527463451781,0.539308699398318,-0.528334783953344,0.387774429871947
"RPS27",-0.232838732789061,0.265153342827278,-0.213068076961709,0.281760889940446
"AC092580.4",-0.605071656902068,0.627609324659664,-0.755893843837523,0.838510969919271
"ISG20",0.427331333420214,-0.782516226178858,0.576357446900354,-0.994119602256015
"CTSL",0.696717044024159,-0.973002972472876,0.393928965861358,-0.888299534330824
"TAGLN2",0.355575044405652,-0.419528685910983,0.289484176031668,-0.621580653249574
"RPS28",-0.215147608803166,0.311129171405121,-0.277362118388376,0.285835057378067
"ZBED2",0.546366444417247,-0.517069391451474,0.365591296326685,-1.21395843727138
"RPS8",-0.261788767227349,0.460769996284135,-0.502532146829496,0.430996354236246
"RPS7",-0.23638572843153,0.242940881676534,-0.173245896402793,0.259211707619599
"CXCR4",0.486390144010007,-0.53535942065318,0.32543015255961,-0.848376498587128
"GSTO1",0.420696252772286,-0.679154941881972,0.405744467553441,-0.643604672756176
"SLC25A6",-0.328606736419488,0.399300013430602,-0.42660036240012,0.498568242462504
"IL1R1",0.213467056721958,-0.140595686796102,NA,-0.125083297058491
"TXN",0.420306154963785,-0.446763704940576,0.145461776205999,-0.375333451124221
"TMEM173",0.485524706049205,-0.628255286833288,0.439864315726879,-1.02214896731109
"CST7",-0.43136029126952,0.475608359966055,-0.293583909033071,0.328493579004113
"RPS3A",-0.293490379157086,0.577393652236209,-0.615094105627358,0.438256018246904
"RPL10A",-0.221297541709469,0.351168133368027,-0.335913454566336,0.318334262748897
"RABAC1",0.337038615943668,-0.469159692853649,0.314903315023473,-0.555558109790801
"RPL27A",-0.207221805597978,0.347114859697914,-0.348457211131014,0.323993709732556
"ETHE1",0.334678235279521,-0.374576915663197,0.169682073555086,-0.361383493431755
"CFLAR",0.331164594116613,-0.529351398602067,0.491434756117059,-0.931955787856162
"RPS4X",-0.235274228612681,0.476142489570122,-0.430225481129227,0.279606517119059
"RPL23",-0.283260977196044,0.335626213554465,-0.288624890610664,0.351533635736464
"RPSA",-0.286283283587006,0.493121075635024,-0.495191563971787,0.403773720104741
"APOBEC3G",0.350669183009017,-0.551423908110443,0.467047679168072,-0.865673121888024
"EBI3",0.250700076710238,-0.296268363960761,0.198378138116857,-0.378642960966557
"IKZF3",0.382227006668901,-0.373993130211529,NA,NA
"RPL6",-0.27002245457913,0.287584411958604,-0.296779323265161,0.414631568753568
"RPL13A",-0.245116061459568,0.475843750267475,-0.539441994710632,0.435906936619636
"HIST1H4C",-1.01376331796573,0.301011585789963,-0.31440203789533,1.08514993307283
"FUT7",0.268854749505171,-0.351065486213837,0.238342876324769,-0.417041881721551
"IRF7",0.287359067523933,-0.497312607733116,0.455645826176075,-0.765910218335239
"RP11-305L7.1",-0.14641666127506,0.223840650352443,-0.133928755924817,0.10359977881487
"BATF3",0.658251317081264,-0.697520497433008,NA,-0.130567608771186
"TMSB4X",0.311252946342806,-0.485064450191695,0.285055738319025,-0.399488778649988
"MYL12B",0.257754314970439,-0.510942889600249,0.420194194293149,-0.571302735749762
"RPLP0",-0.277224904752534,0.538551294864126,-0.553674278646305,0.400421681777409
"RPL37A",-0.214869356836177,0.263136871386501,-0.301803636214546,0.388617641832727
"STRIP2",0.251803612159446,-0.392437694403785,0.296337907519129,-0.448320456552277
"PLAC8",-0.372475098896224,0.405199858039157,-0.166281977900328,0.175807714301474
"IL1R2",0.254363558675669,-0.256031967770723,0.110450467775467,-0.26048694228864
"ARID5A",0.309638962420541,-0.480991963457725,0.360334880297148,-0.587787073070776
"CLIC3",0.279970329005055,NA,NA,NA
"RPS3",-0.246413342438077,0.504198226616812,-0.530247812001318,0.384424051057278
"IFI6",0.420263355642712,-1.20206083521423,0.905151030984575,-1.42010651497063
"RPL22",-0.205642283792266,0.409294334751293,-0.423082962065148,0.333165018560561
"H3F3B",0.239566084409783,-0.346665613417506,0.282821247146497,-0.466886976666644
"NAP1L1",-0.25648691634476,0.310893851962924,-0.286256968948001,0.350914171357297
"SLC35F3",-0.13107443874227,0.161336110860447,NA,NA
"TSHZ2",0.399503918070617,-0.476117239663856,0.257649915412946,-0.545840647055547
"PITPNC1",0.173376381187523,-0.107559409912955,NA,NA
"RPL36",-0.173968833091179,0.255366508292227,-0.14810042312615,0.116617407202556
"MYL12A",0.279249849046552,-0.478662235108153,0.371870360144613,-0.550851269674011
"EIF3L",-0.303764804876296,0.462741227301717,-0.404319636119714,0.349720066265066
"AHCYL2",0.225134558692597,-0.395324873304296,0.288567349179146,-0.369388885455109
"RCAN2",0.287133800194759,NA,-0.127042397994723,-0.149620400586082
"MIAT",0.324554761998421,-0.231095349775854,NA,-0.21689365589251
"LAT",0.33131260252679,-0.543862435805536,0.378049371214125,-0.577685781738582
"EEF1B2",-0.298102289787798,0.500881011000234,-0.64259764898132,0.583962152533256
"RPS23",-0.226087843427027,0.420444292083464,-0.467253985531685,0.400882390559573
"PTGER2",-0.206521076108625,0.129006342521088,-0.198076021617697,0.415943393396824
"APOBEC3H",0.32690036595153,-0.826492183008771,0.686325936828971,-0.980477477998617
"ABTB1",0.167485361953531,NA,NA,-0.106607927151345
"ATP6V1D",0.417499619049182,-0.52226965993928,0.261835309371464,-0.521358449760219
"NPM1",-0.257015415303533,0.279677832077,NA,NA
"RPS13",-0.192036179447284,0.399576432180988,-0.425838358628779,0.334035005383967
"PRDX5",0.199813132455561,-0.174919531229722,NA,-0.229339377417225
"RPL8",-0.17946059857425,0.381634991609719,-0.346790288267279,0.233704137310732
"NSG1",0.390788615924552,-0.507871349840924,0.258322629401499,-0.474773696341565
"CCNA1",0.170339019884575,NA,NA,NA
"CD200",0.324120374546621,-0.237497027651753,NA,-0.343803484892635
"UPP1",0.28799312906782,-0.151634204700403,NA,-0.467675706057907
"EEF2",-0.264699434453129,0.479249748114306,-0.422455010370793,0.301414709589614
"RPS16",-0.187371452319356,0.408169574501294,-0.437356862228131,0.330985309954658
"LGALS3",0.285539250931356,-0.556589616504183,0.538841204164884,-0.898863675821657
"TRAT1",-0.231228426089585,0.279189030055053,-0.196440585205947,0.234026615580539
"KIF2A",-0.362164884909904,0.517672723799352,-0.411242101065723,0.346596864298455
"RPL18A",-0.180060354270952,0.424355802703866,-0.383136360388122,0.220938438514749
"RPL37",-0.16875007210488,0.233598446018584,-0.254121740791979,0.304721615937554
"TNFRSF12A",0.170576717272223,-0.224722996220155,0.160095607224985,-0.253320375599717
"PKIG",0.145273970203964,NA,NA,NA
"FAM177A1",0.231249900060587,-0.308709873692026,0.18861580108534,-0.297375090709785
"RPL32",-0.174824098672704,0.388251095433821,-0.335193114955317,0.200159232354133
"RPS18",-0.220466608088881,0.450030167244298,-0.434607353878436,0.306659680017567
"AQP3",0.261605197786072,-0.49887137533447,0.330052308985185,-0.377916360864227
"LRP10",0.228347867464789,-0.261928975287371,0.123615745017683,-0.228322965517205
"RPS9",-0.155873084090408,0.30740821535208,-0.283984677235011,0.222894272545788
"S100A10",0.296198460066357,-0.379673675164394,0.28518893204885,-0.541576847686736
"MIF",-0.288594118178873,0.136905578499516,0.235744144357036,-0.222468926806659
"RALA",0.252746421560927,-0.292640132887356,0.188586904965674,-0.366854214462561
"HMGN2",-0.357502157358354,0.180720899897716,NA,0.239596666691607
"SPINT1",0.12217884885595,NA,NA,NA
"RPL21",-0.208116150513263,0.451936421338392,-0.463034283456384,0.326656057643517
"SLC25A5",-0.369488596347412,0.314893103564698,-0.295775086306088,0.490427079396002
"PERP",0.234170199850529,NA,NA,-0.395447852016624
"RPL11",-0.165185761870664,0.352124744754964,-0.325826997026899,0.229227059814641
"HNRNPA3",-0.283695935655668,NA,NA,0.211171760150028
"RPS4Y1",-0.276376857267104,0.396634123265665,-0.343561023522118,0.33087686864425
"BATF",0.375514902480835,-0.377801802493984,NA,-0.178268897075984
"RNF157",-0.107039332215422,NA,NA,0.217363978451578
"PPP1R14B",0.26363408017694,-0.373196430811877,0.185108955486423,-0.253252177883192
"NCAPD2",-0.196865922867436,NA,NA,0.236001120088171
"UNQ6494",-0.19209137834247,0.141730701013026,NA,0.175899373781438
"RPS2",-0.243176703372309,0.523246591644463,-0.548323598144859,0.375236881832362
"RPS12",-0.187772026835074,0.405468109080606,-0.473938875174946,0.384050465952591
"IL21-AS1",0.117543365875042,NA,NA,NA
"RBCK1",0.213108386818347,-0.36342275758528,0.218874720963417,-0.241910219469495
"PHF11",0.257886332376379,-0.408359886514619,0.238612571332991,-0.303395911017233
"SPATS2L",0.259691703268686,-0.402045971812158,0.181211320281335,-0.194750635901044
"SERBP1",-0.241624270581136,NA,NA,0.201737050637103
"JHDM1D-AS1",0.225460024053226,NA,-0.138757569254176,NA
"SLAMF1",0.334524614587024,-0.417470394030969,0.293484655399,-0.585099986483643
"HIST1H2AH",-0.145887635893592,NA,NA,0.198163819585015
"MT-ND1",0.223459814006746,-0.354714239716546,NA,NA
"DYNLRB1",0.230170302294696,-0.205675423066948,0.112681561332741,-0.299522441899268
"RPS20",-0.159374406172922,0.238255652172153,-0.285644628500195,0.331132898499495
"PPIL1",0.192129501243425,-0.204888645171145,NA,-0.146163592011758
"PLIN2",0.232295325452889,-0.424626479573785,0.396953505910171,-0.601826758053917
"RP11-305L7.3",-0.119643001739338,0.155037150590365,-0.142891919755491,0.184650576987362
"PLAUR",0.133114860290821,-0.224560981812027,0.209502068705612,-0.287503356089415
"GNG5",0.207238543872203,-0.368600563339142,0.3001725506535,-0.402592357219016
"IMPDH2",-0.241286863036724,0.345130641344459,-0.257661721063278,0.239854460249349
"RPL35",-0.142666800284469,0.30820856466812,-0.273861366017808,0.188391084084652
"CD63",0.294087950250204,-0.234789333504063,0.164937956245935,-0.501635932526035
"TMPO",-0.29076334001386,NA,NA,0.340924155187109
"HELZ2",0.242494272982962,-0.204099583067128,NA,-0.224754971883052
"IER3",0.25856574284354,-0.462436118069768,0.410958583680766,-0.633406978592153
"MAGED2",0.260567284944361,-0.322852820988471,0.241077106804416,-0.453470720621412
"NPDC1",0.184369460461504,-0.200138883547974,0.101328264555097,-0.19725602992861
"CD151",0.179598869603003,-0.263860698939752,0.149593167090988,-0.187141833087527
"GZMB",1.07334574180305,-0.170301910511172,-0.558411519146618,-0.98594598173211
"AHCY",-0.190623192554771,0.178509348107495,0.288567349179146,-0.369388885455109
"LGALS1",0.429370649631865,-0.568634917343364,0.389430119456809,-0.815309635873845
"MKI67",-0.410099745878175,0.140566223447631,NA,0.46262155778879
"METTL9",-0.217246861685637,0.155943079694035,NA,0.196667859678897
"CD2",0.215340362837212,-0.288547470660497,0.325419033878462,-0.625094857735457
"RPL13",-0.15119577449765,0.406047510492831,-0.442188945263623,0.293976184726482
"RPL19",-0.134575811000506,0.365368059414534,-0.398400102387241,0.272401068774927
"RPL12",-0.190501324149613,0.43979073247752,-0.418088698020532,0.26065903155366
"RPS5",-0.178202150550221,0.41063910430789,-0.394095682660397,0.255427476113853
"RPL26",-0.10929901093396,0.373781010151612,-0.45770251036285,0.308217051048446
"RPLP1",-0.119736831877519,0.344077726886593,-0.352488408475323,0.218842968793908
"RPS14",-0.132219499857813,0.32782336296023,-0.311154903596016,0.19991814201473
"RPL9",-0.105696580826239,0.390023895699086,-0.460085324851071,0.282376056588035
"RPS11",-0.133073626885706,0.345563648393478,-0.408602484498761,0.314051726037303
"RPS25",-0.127069451251393,0.339058284270228,-0.360193349618765,0.247649303653911
"RPL35A",-0.15200215858611,0.342500798236875,-0.355490988529295,0.269109740655919
"RPL23A",-0.110010624401593,0.292669445598653,-0.336931735327947,0.26055222880421
"RPL7A",-0.194912567161628,0.390150653622658,-0.485123843214691,0.429157083275141
"LY6E",0.241771842136787,-0.72170503417049,0.641154965876311,-0.789027261083845
"RPL24",-0.116415927905526,0.283980709023176,-0.312337172333057,0.246447876370457
"RPL18",-0.105157248775613,0.287434729873826,-0.342088905195018,0.26915621157657
"MX1",0.266329624863798,-0.740211835454269,0.672930608074297,-0.921795668896665
"RPL10",-0.101637880715499,0.350157862884863,-0.337261334968904,0.161509410659014
"IFIT3",NA,-0.885619279920795,1.00741686108747,-1.29112876229663
"RPL29",-0.121965444234665,0.326256124866779,-0.371012268388331,0.275429712375685
"PSMB9",0.153864662942573,-0.500086069231476,0.432688049672709,-0.394826175702258
"USP18",0.121076421269365,-0.63599980890717,0.710087499474653,-0.843458130813372
"RPL34",-0.166603789939212,0.325813837392276,-0.311076981811249,0.249457531892274
"EEF1A1",-0.176459517044465,0.387678597507246,-0.405859075343249,0.304372848387158
"RPS19",-0.131408659541629,0.281543048716531,-0.234484748157744,0.153314661937585
"VOPP1",0.209515642335143,-0.415141680589728,0.261390336400679,-0.247837428839718
"FTL",NA,0.563071216589885,-0.530256796895463,NA
"TNFAIP8",0.178357190991574,-0.600542062631407,0.585498654602159,-0.67941480729633
"RPLP2",-0.119626722613551,0.2561548379712,-0.302845931424812,0.277954435000624
"RPL27",-0.125859639382239,0.275307411730837,-0.328008449616624,0.294453515059305
"RPL30",-0.108790017622494,0.260706844007943,-0.29097736368481,0.239305655458424
"DRAP1",0.194478663419883,-0.465454792608997,0.417280745487234,-0.49843157207289
"IFI35",0.204872212851041,-0.556884019158502,0.520388612190154,-0.636963838383013
"SLC4A7",0.294041803497311,-0.628337889621183,0.414096673701253,-0.449297404178768
"CAPG",0.218459486896803,-0.751386182773343,0.636599628115525,-0.667655685880936
"REEP5",0.243529788166297,-0.423591372314154,0.311496404452125,-0.415450348835883
"RPL14",-0.120447830300392,0.26278114715849,-0.311566919750864,0.281969955625298
"DIXDC1",0.142383307555974,-0.408533449305089,0.355173659871525,-0.33428369206285
"DDX5",0.104669288574146,-0.439973228365869,0.28293980453678,NA
"RPS15A",-0.116908407567919,0.264356009763916,-0.333467773679107,0.306209278227699
"ATP5G2",-0.124725452583498,0.339696025967783,-0.273533329836399,0.112990252577524
"GNB2L1",NA,0.304079692000959,-0.285480817631456,NA
"FNBP1L",0.158612017638926,-0.294562930233396,0.211398361145515,-0.228466111208035
"IFIT1",0.19924360017892,-0.711799993960345,0.721394628102719,-0.946743828740397
"NACA",NA,0.233834590198766,-0.227994594154896,0.129429814984959
"BST2",0.197106054868214,-0.521963925584314,0.402703456510933,-0.378764745338894
"BTF3",-0.124668143989259,0.235576908292588,-0.184926502169851,0.136800863979357
"PARP9",0.195944716770662,-0.477446151559536,0.352927861372783,-0.32933085778861
"EGLN3",NA,0.239915281662577,NA,NA
"RPL31",NA,0.262770697352583,-0.250795801696552,0.140625727773385
"UQCRB",-0.164432318595944,0.299638164551031,-0.255147162538409,0.202991811073151
"IFITM1",NA,-0.55101197763617,0.730884968662936,-0.617477612685362
"RPS21",-0.124056267989574,0.250615037923664,-0.38989366821831,0.411888841206761
"OAS1",0.244398872908266,-0.579879574813884,0.567195746688049,-0.829785196713683
"PLSCR1",NA,-0.520557521294583,0.605511521855637,-0.647715735659925
"LAP3",NA,-0.477309577700768,0.580965039146023,-0.509481332387361
"LGALS9",0.241651716372079,-0.508152222938404,0.436014072252128,-0.580268999429449
"TNFSF13B",NA,-0.523497113670118,0.513122665569068,-0.38111665631701
"HLA-C",0.21696197640738,-0.447889464059681,0.40270983011082,-0.540954179029167
"RPL39",-0.139424446870751,0.236607033529864,-0.194383489435568,0.170961589717327
"MYL6",0.226569906892075,-0.426990269819476,0.272853970451145,-0.287940956587474
"UBE2L6",0.118797145331864,-0.438272217981396,0.470272204279291,-0.51399280031599
"IFI44L",0.252811020251144,-0.534001685156368,0.48772590959779,-0.702417433598076
"EEF1D",-0.162613089449589,0.299634798620718,-0.200615668908908,0.115422013528672
"DDX58",0.1392858378366,-0.4606394804792,0.436795633150312,-0.43708553673442
"EPSTI1",0.148817822303787,-0.489309545605199,0.48100944893966,-0.520469631611761
"NMI",NA,-0.409361373292292,0.400117637565547,-0.352322289391221
"TMEM50A",0.139367156309546,-0.373414573873832,0.362432705154738,-0.401189250109716
"RAC1",0.157917720542704,-0.314105354441917,0.216140726900889,-0.207169402562353
"HLA-B",0.183321476029458,-0.423315165284981,0.397536680960828,-0.495520028718186
"CDV3",0.264909280867525,-0.399514303600785,NA,NA
"UBA52",NA,0.226624289376439,-0.225762833975912,0.136500465633459
"OAS3",0.111796241655793,-0.366864348878006,0.325378685662205,-0.273443702902725
"SKIL",0.190158896512368,-0.362399397862364,0.268313496197729,-0.305784792958051
"DPP4",NA,0.249304601850051,-0.243168188517749,0.159532594470918
"PLGRKT",0.206213243609822,-0.402356605090457,0.259904298660596,-0.257418243788573
"C19orf66",0.253734264418077,-0.364125236516777,0.287956859946369,-0.480238111634651
"CIB1",0.186203715246429,-0.31287304647925,0.242389987550771,-0.319323510069642
"PSME2",NA,-0.408445998493568,0.360147539759573,NA
"EIF3E",-0.180102144857699,0.335560433510414,-0.285041225908486,0.214269691940774
"CALM2",NA,-0.393459154968936,0.387630181534174,-0.333127216347911
"PTMS",0.250243811030503,-0.518230845477812,0.41171751189304,-0.520271016508226
"MALT1",0.240378393469358,-0.493338968254143,0.372745061194751,-0.442691259987097
"COX5A",0.121948676164898,-0.35539330232682,0.287198920786933,-0.227516521621554
"TNFRSF25",0.152895052357275,-0.361835111032002,0.259259316610297,-0.216090766493703
"PRDX1",0.156204678893663,-0.632913282922576,0.550973693313452,-0.484326589140666
"JUNB",0.202047675301662,-0.506710146668586,0.564441454987076,-0.851244636140154
"IFI27",NA,-1.66898240066962,1.50877664780454,-1.79750964502712
"DAPP1",0.172276726153696,-0.385589603927952,0.317295657389953,-0.343494839898494
"MX2",0.233856502924524,-0.471969053204276,0.402685863001645,-0.53780711223661
"ATP6V0A2",0.177275768457568,-0.32220354272912,0.158648398118238,-0.114365119607975
"RASGRP3",0.137897559518072,-0.248987581846532,0.18342801150136,-0.202579765911927
"ADM",NA,0.384274604337096,NA,NA
"PARP12",0.105662778855988,-0.292508407322346,0.264450511698777,-0.245306131150089
"EIF3H",NA,0.266372766221808,-0.285638454253271,0.1703710506704
"MVP",0.146510541512876,-0.399748488036885,0.371841250555866,-0.394997877696148
"FUS",0.110655597966723,-0.373894258444067,0.266265255923684,-0.136684921890373
"TAP1",0.121850047011336,-0.322885304920739,0.313170933447713,-0.334873632555069
"UBB",0.105777206181245,-0.327870083649037,0.330187576512499,-0.333952178233829
"SQRDL",0.16800492773771,-0.393630219665884,0.421206637284939,-0.573593286569658
"RPS15",-0.116908407567919,0.17990246988674,-0.184151302967582,0.116581393091694
"RPL38",-0.146044259259072,0.217713073038549,-0.234622346875118,0.269203906337929
"SMAD3",NA,0.191161978026073,-0.144242351426336,NA
"ANXA4",0.18284484523451,-0.316441116769887,0.279378249517205,-0.390327674053894
"CLEC2B",-0.136632650032486,0.354567842006936,-0.254365856205726,NA
"HSF4",NA,0.227970088815999,NA,NA
"VAMP5",0.146134669791285,-0.407172548377801,0.305441783237986,-0.233969029698886
"DNAJA1",NA,-0.402968561922403,0.487847428250785,-0.469276240251983
"CD48",-0.225625957736815,0.340553580288048,-0.198440909133347,0.134879008772262
"CAPN2",0.190305384160722,-0.388933913053904,0.262096908452714,-0.251829142637666
"HSP90AA1",0.101124989535045,-0.360454289169812,0.245224838638718,NA
"CMPK2",0.120530306390756,-0.369940222304172,0.380371434296297,-0.411013481105227
"SLC1A4",NA,-0.241774812414101,0.201503049479036,NA
"HERC6",NA,-0.294167956009584,0.273426579493788,-0.172801597012233
"ADAM19",0.267517874537319,-0.343628613190982,0.275162069104354,-0.515143870264867
"NAGK",NA,-0.240073875313113,0.197701670283545,-0.168347513652506
"MT-ND6",0.145030224885286,-0.388007979599359,0.205411277245099,NA
"RDX",NA,-0.359541240592451,0.428508556454357,-0.494569840543143
"EIF2AK2",0.113329257030232,-0.353546667200938,0.336313673079104,-0.321408437591461
"MGST3",0.160931288321448,-0.473749346642058,0.103017494754709,0.207679498016884
"GLTSCR2",-0.118306803566413,0.259829221365598,-0.331758215557852,0.312148954369577
"PSMA7",0.169471056641191,-0.292410379130451,0.171705155681668,-0.170104352018055
"HAGHL",0.135014600530682,-0.260230779619301,0.2078040965034,-0.230369012802637
"MT2A",0.261687988161788,-0.870143707348186,0.660320478522427,-0.653249660445763
"POMP",NA,-0.272441783914165,0.259633825943075,-0.242714692690831
"DDX60",0.162871324488599,-0.36440034700171,0.431073819302643,-0.351570874654862
"CCL17",0.64947501614227,-1.65270420309755,0.396078791141911,NA
"NDUFS5",0.176147608248767,-0.311156060954293,0.133420153316663,NA
"P4HA1",-0.178693072710508,0.277359297430995,NA,NA
"GZMA",-0.680600890051377,0.588361634052894,-0.532422116062942,0.722246959880691
"DNAJC2",0.145876834789127,-0.328998178195346,0.175481281190429,NA
"GRN",0.184724485343601,-0.340712289391539,0.351246652414882,-0.525821748775159
"SUB1",NA,-0.241701138619032,0.323348617656142,-0.359490787055163
"KCNN4",0.182619462463478,-0.342904934842765,0.284239098674473,-0.357503053185544
"TXNDC17",0.346884891590304,-0.457276418467997,0.195824419476186,-0.315636978579974
"DYNLL1",0.113251115934719,-0.341504957440011,0.291587473331829,-0.241831301632803
"LPIN2",0.233624284741208,-0.340735578273169,0.19559877786741,-0.26677470561588
"FRMD4B",-0.208078578333167,0.430123347942933,-0.196330800123489,NA
"SERPINB6",0.212054663836117,-0.293684368983807,0.167419903744302,-0.23866368542195
"TSPO",0.183484939174984,-0.315335956113899,0.245526802658627,-0.316937238226643
"GIPC1",0.162087496443179,-0.225353216167324,NA,NA
"IL32",-0.330817965569548,0.680845030370452,-0.430940551634031,NA
"FHL3",0.102937716850377,-0.175159949632511,0.11868399272681,-0.124200575456371
"KLHDC7B",NA,-0.181629824043105,0.148084251374136,-0.141757914790023
"OASL",0.400426871876562,-0.294978538565071,0.230176278742538,-0.818668895918441
"UQCRH",NA,0.216546751435534,-0.268640023846318,0.251689549437155
"INTS7",0.1104946808313,-0.166419292119087,NA,NA
"ATP5E",0.119130948684293,-0.244600118475365,NA,NA
"RNF187",0.190340321358758,-0.297638860123436,0.121835740991195,-0.101382970133725
"RSAD2",0.236688033023033,-0.482982516193845,0.432259482812736,-0.602336979659684
"NUP88",NA,-0.237500308452037,0.190719207149345,NA
"TUBA1A",0.154185728007688,-0.373482295711137,0.38354300040204,-0.482888171790466
"CHMP5",0.188652989921569,-0.301480347686416,0.3191960694329,-0.524299949116483
"GSDMD",0.135694825666445,-0.325589902344483,0.18368137490849,NA
"EIF2S1",0.119815391317241,-0.291232218351965,0.259080137546357,-0.262226361175107
"DDX60L",0.162871324488599,-0.259628012512156,0.171718606869408,-0.207986952840928
"RBPJ",0.125262614009925,-0.477795374880026,0.524812374235659,-0.602684672095656
"IFIH1",0.160116614582375,-0.354295375281746,0.325766960627732,-0.388899835684479
"CCR7",0.20579449786465,-0.58239427215596,0.589198617899471,-0.790942033380981
"USMG5",0.131565191492582,-0.22687567749815,NA,NA
"NT5C3A",0.179778466480071,-0.4219044434521,0.438379056678962,-0.594977115120467
"PDIA6",NA,-0.296296997183342,0.231593332576384,NA
"SPINK2",NA,-0.20604422379598,0.255578012063247,-0.166563203123183
"LGALS3BP",NA,-0.427358149367351,0.458547670428989,-0.285228981839189
"MDK",NA,-0.26032644998548,0.315190197889724,-0.322191742063942
"TMBIM6",NA,-0.273776429526616,0.298087065723251,-0.273984622092036
"MED10",0.15262986236817,-0.309223756102465,0.268135880130626,-0.316265244393088
"TCEAL4",NA,-0.256047608538376,0.196262154710357,-0.136967359055772
"TMSB10",-0.221020628329949,0.302587720576518,NA,NA
"PSME1",NA,-0.241054696484149,0.236774229418416,-0.201393209809055
"HLA-A",0.171589540468116,-0.330005654706492,0.300577950864292,-0.393834796337322
"SYTL3",NA,0.446402228193618,-0.492246559717463,NA
"ASXL1",0.153621596024611,-0.235559604525025,NA,NA
"APOBEC3C",0.2123573453178,-0.437518459085378,0.372254226839352,-0.472065804148943
"BCAR3",NA,-0.140123420906575,0.127325974317857,NA
"C12orf57",0.137283040379391,-0.319421703854732,0.200074748507157,-0.129390672043416
"HLA-E",0.162729674820526,-0.280588259515512,0.256800528332391,-0.35764435511922
"RSL24D1",-0.16760563502666,0.276533990346715,-0.17649085087326,0.120286153034323
"NDUFB11",0.137096419740184,-0.224894455485719,0.119352258794482,-0.109886960193014
"AAK1",NA,-0.302843759727593,0.226059103816124,NA
"GCNT1",NA,-0.26020124449227,0.363528706591031,-0.283770397109417
"TNFSF14",0.176668715842678,-0.221419525088432,0.175235215863527,-0.302723794250267
"CTA-384D8.35",0.100590837386429,-0.178690320764588,0.165536815511948,-0.208340680820863
"TMEM243",0.243120083757284,-0.352129817835338,0.234405072587564,-0.352648395316144
"PDE4B",0.284969387330148,-0.348001366292668,0.210098817533029,-0.391146870016083
"ARPC5",NA,-0.295421314660118,0.252241972614825,-0.129696237100128
"SRI",0.133098059798232,-0.271686411357802,0.189096430041239,-0.170673275089492
"MCM4",0.345743798210861,-0.447777196931804,0.156717075692793,-0.243839249212685
"SERPINB1",0.22730747248765,-0.327862557119709,0.161874375764648,-0.203824373989262
"FSD1",NA,-0.117828634597053,NA,NA
"F5",0.13412232234114,-0.206124322080416,0.145342465362745,-0.184702257009498
"SAMD9L",0.114218092730896,-0.356913220178254,0.382859552024353,-0.425705961917064
"PSMB3",NA,-0.216250931378377,0.208692435253213,NA
"MCM6",0.183722008794936,-0.343995395344319,0.244474461108716,-0.269949056014895
"DNAJB6",NA,-0.296812521360339,0.252297441479714,-0.166712764378295
"SCML4",0.217720669960152,-0.218574378327745,0.10216128616798,-0.232373026458238
"GLB1",NA,-0.436563661185106,0.490342544599103,-0.45020000662561
"COPRS",0.27376121075046,-0.414063298398664,0.252942208472073,-0.358668390656474
"KDSR",0.214374994271082,-0.300505523178333,0.123029168025184,-0.14258314623448
"IVNS1ABP",0.168945854743321,-0.359087466595499,0.316232595498696,-0.376891236917005
"FAM173A",0.181337989638128,-0.216016329059801,0.102437951606926,-0.169146100574491
"FKBP1A",NA,-0.278957831019196,0.281885287078614,-0.276754353392299
"CCNG1",-0.198772425283913,0.332021182214919,-0.169413449120785,NA
"XAF1",NA,-0.323280661587811,0.391838962992119,-0.270432475833117
"KLF6",0.152313896463549,-0.431236646818302,0.470563241802298,-0.601151981563755
"FAM46C",NA,0.201132330071681,-0.102430258188974,NA
"NDUFB2",0.105252093481679,-0.265707018722241,0.136844087841991,NA
"SYNGR2",0.195477276343842,-0.303962244419922,0.237741203313694,-0.341873088021273
"PRDX2",NA,0.313785396944018,-0.341222663547275,0.2087675471265
"RTN4",0.104477994870029,-0.279825075913608,0.264262857433832,-0.262607948743089
"CDKN2D",0.245872809095599,-0.349300488259168,0.248591722307303,-0.395229167234511
"TRABD",0.165596408408638,-0.298906319035132,0.195152363394153,-0.201018272394881
"ADAR",NA,-0.279010262273003,0.176500120317585,NA
"ACTA2",NA,-0.245356836680892,0.249315093405831,-0.230565134951469
"ATP6V0E1",0.166092645137418,-0.248018338088356,0.181555630193145,-0.252757553720716
"UBC",NA,-0.361878853394392,0.473121787465261,-0.590422211620195
"ATP6V1H",0.13465720429862,-0.226178328293361,0.146560555984086,-0.157129183494892
"ARL4C",NA,0.285363001102819,-0.275416174649695,0.143711664833431
"NEMF",0.104589223237862,-0.241391276155237,0.14560199981039,NA
"SH3KBP1",0.100457812605701,-0.287697226871928,0.209445782745955,-0.129801129632172
"TAPBP",NA,-0.285865173432731,0.263252192835925,-0.180026320441957
"EVL",-0.204537942343271,0.290709134419991,-0.212386349327831,0.205603610594613
"BHLHE40",-0.185057116644307,0.371413403936809,NA,-0.407116612184258
"MZB1",-0.202321737272441,0.369452813325656,-0.213183891220494,NA
"RP11-81H14.2",NA,-0.193335438800875,0.167856030301837,-0.119419679217667
"NRBP1",0.20820937099063,-0.248581608046747,0.174743533375645,-0.318968238947453
"MRPL40",0.107774309073393,-0.238843051089911,0.176161371476231,-0.14918490155505
"EZR",NA,-0.279940539225711,0.189316610084073,-0.100166141437374
"TGFB1",NA,-0.233663466054083,0.132268044098467,NA
"UBQLN2",0.140198006847354,-0.242354789518194,0.165070948796398,-0.179532352880167
"DUSP4",0.139055639868949,-0.441610712771136,0.595015647481884,-0.912827298486583
"BBX",0.127346226992025,-0.266303613793996,0.217198127879347,-0.226360391493232
"ACSL4",0.122696096665137,-0.268673537381314,0.195699048968629,-0.169922991979311
"SURF4",0.185684469707742,-0.298786218700489,0.195632798562033,-0.239762288485294
"AKAP13",0.137372662256338,-0.231118244633223,NA,NA
"LTA",0.357669788069793,-0.664972013361413,0.450897770844109,-0.633080474062165
"QSOX1",0.134070408497834,-0.171481280833439,NA,-0.138185809623121
"APOL2",NA,-0.314023712668275,0.24826400548089,-0.15715921619003
"GYPC",NA,0.23692658234474,-0.289914124627156,0.149895032744655
"CRIP1",NA,-0.324187318830355,0.474403615413841,-0.452949343426835
"SLC2A3",-0.181172148884826,0.487258208291261,-0.136651503372663,-0.309666107595437
"AGPAT2",0.156878459429379,-0.249068722496868,0.196312881490665,-0.264869384887964
"MT-ND3",NA,-0.205820429815272,NA,0.222535222498614
"IFI44",0.176033351778232,-0.326810646943402,0.364191747857935,-0.564455966841774
"RAB27A",0.218314732413136,-0.286922073328726,0.148860188906762,-0.222484798689281
"TXNIP",NA,-0.374319816573715,0.353974909058022,-0.284108571856018
"LMNA",NA,-0.567316803263237,0.681288184790531,-0.783056630589449
"TUBA1C",0.155459114987374,-0.390154077913043,0.347922141521418,-0.372732020258586
"PPARG",0.105362602504449,-0.154957750389156,0.126942884783887,-0.176305347697093
"ATP6V0B",0.163778900546966,-0.225625925066547,0.113689372883294,-0.144949618443934
"NEK1",0.123140359245169,-0.201503929763763,NA,NA
"GNB2",0.168748202819363,-0.242928982690085,0.218992841687565,-0.347528830389047
"RUNX1",0.106954857192985,-0.225375946550253,0.131022673342369,NA
"VPS29",0.169577863041817,-0.253197883756095,0.177077625061619,-0.24171410957554
"SCAMP2",0.171210848190362,-0.230588155721751,0.150044492591939,-0.224219778977341
"SEPT2",0.158070369542648,-0.224933929537768,0.114437048537016,-0.137263722627612
"FURIN",0.162867237721614,-0.314829230863478,0.191361513692887,-0.164394658968531
"NDUFC2",NA,-0.232482190958022,NA,NA
"XRN1",NA,-0.3173616146118,0.244471975674415,NA
"LUZP1",NA,-0.179253036438668,NA,NA
"ABI1",0.26616787466243,-0.253734484245589,NA,-0.262482028536411
"PSTPIP1",NA,-0.230792523248662,0.201525203181567,-0.17866969257484
"YWHAB",NA,-0.214819584464873,0.187526762130114,-0.102066626971762
"PIK3IP1",0.123468208545223,-0.284009894083805,0.219692115997535,-0.197123579958707
"MTX3",NA,0.122794572518517,NA,NA
"GCH1",NA,-0.147090017294616,0.157803053173027,-0.211367590771024
"SRSF5",NA,-0.255789392652847,0.184919710841045,NA
"CLIC1",0.181331019316934,-0.237777817890696,0.266986899428257,-0.494672855722987
"CCT6A",NA,-0.301509526313006,0.211660962743904,NA
"PRPF40A",0.105185051683167,-0.248540421961854,0.111932501372879,NA
"PTPN2",-0.144518123340714,0.201852331016094,-0.141107079834463,0.146508019407967
"TOR1A",NA,-0.203401458749517,0.153749069801823,NA
"TUBB4B",0.120062197794571,-0.4414543677848,0.37459568021091,-0.284400671511723
"PSMC2",NA,-0.237271327168712,0.230668544021081,-0.211186127886524
"VAMP8",0.158692147555888,-0.247069407317289,0.1623216258323,-0.20044331291219
"TMEM165",0.194081144661525,-0.234601603895289,NA,-0.108217554647253
"HN1",0.103168295731007,-0.272042517038279,0.213254416447362,-0.165564049714717
"CAPN1",NA,-0.194287845593504,0.194802369447962,-0.121239687567244
"EFHD2",NA,-0.220200319000975,0.230608295776919,-0.141549338232914
"SEPT7",0.113942202689983,-0.30298031096432,0.258300769440033,-0.231322344502046
"CD3G",NA,-0.273277832568682,0.149592048036969,NA
"GRAP2",0.155301003571521,-0.315371444062248,0.284445538529024,-0.348097289707574
"URI1",0.105030634024372,-0.20485090842132,NA,NA
"LDHB",-0.146797953934308,0.197872049832347,NA,NA
"GPR132",NA,-0.144269248519483,0.151143600478385,-0.152865318240689
"CD70",0.396275909510984,-0.698127574519916,0.616733405000988,-1.21448674848231
"EVI2A",0.122765145611814,-0.297180888909811,0.250691794548496,-0.240507992880587
"RANGAP1",0.110969465109118,-0.205448012333536,0.128850891175687,-0.111965567304424
"UBA7",NA,-0.209635871581755,0.192666281478006,-0.1188668419512
"PPP1R2",NA,-0.25014149177086,0.215389859955852,-0.166515527720291
"PAQR4",0.101463293675832,-0.155772902997126,NA,NA
"PRDM1",-0.210781182698699,0.299187683649978,NA,NA
"TRIP10",0.153746409954135,-0.17591115736375,NA,-0.149216024318119
"HINT1",NA,0.179880866967758,-0.162050763743539,0.108896387445476
"CFL1",NA,-0.260046588638225,0.215576636639586,-0.130448148505356
"TAP2",NA,-0.211588375271699,0.218494561221981,-0.147357974611682
"CD164",NA,-0.291683430198338,0.30682922089532,-0.252716433709192
"KLF7",0.122786780382693,-0.197271908692884,0.135642410179227,-0.158595195077722
"BAZ1A",NA,-0.271593536445002,0.216893311101208,NA
"WDR1",NA,-0.22838996622323,0.183631694133325,NA
"CHMP4B",0.130053027498179,-0.232673962611968,0.141062526943141,-0.128232989823524
"MAL",-0.276125587040814,0.327083725135737,-0.44682342090875,0.561858821077892
"ERO1A",-0.196779155718631,0.351739111703998,-0.145976167852689,NA
"DEK",NA,-0.306404328198008,0.299468724066979,NA
"RBM39",NA,-0.17577215741248,NA,NA
"EMC7",0.105616216792494,-0.193561913905086,0.139551368842117,-0.141652241999676
"ADGRE5",0.18622884764935,-0.244258868278814,0.1837695785613,-0.302352154381975
"ECHS1",NA,-0.218387745067709,0.144008862144556,NA
"DDB2",NA,-0.221650519041052,0.2186449825152,-0.10265268204011
"PARP10",NA,-0.205353372021612,0.210210001531306,-0.185669836460744
"TIAM2",NA,-0.107331499479027,NA,-0.104780178040078
"CD2BP2",NA,-0.206032637925315,0.161069105724534,-0.122875659820914
"EXOSC1",0.112770626028787,-0.241411955397405,0.145886479064048,NA
"EEA1",NA,-0.189129973862656,0.13128704409318,NA
"PSMA5",0.11806256098524,-0.251911562558103,0.164991538332918,-0.125484591460393
"EIF3F",-0.152754714289119,0.216413940252388,-0.214415187141995,0.249933407170899
"GGNBP2",NA,-0.195109880955572,0.115887107563388,NA
"UTP3",NA,-0.169010872423667,0.146453969873108,NA
"TCIRG1",0.106832855579627,-0.178726913600573,0.143872989482543,-0.175466698564342
"SAMSN1",NA,-0.322531052669845,0.484497761605992,-0.415929659306591
"NUDC",0.134460302338265,-0.262525462037208,0.195468304018021,-0.20014610099789
"PTK2",0.108208983809602,-0.148862621081786,0.141992259437255,-0.118419823190483
"PMEPA1",0.113299211421394,-0.120222136087314,NA,-0.144615005705768
"IFRD1",0.147679666614479,-0.20888124732219,0.134216245719599,-0.182552181178941
"MAP4",0.128924772463052,-0.274415155406634,0.150828949154445,-0.126284975693084
"MEAF6",0.136115687645999,-0.249366900336986,0.223308443153898,-0.282734652283035
"LGALS8",0.158755247202733,-0.253059233362085,0.179317429286181,-0.226299366752739
"AFAP1",0.116487586743047,-0.185526537002268,0.181582504307188,-0.260135274161357
"HSPB11",0.216347851094113,-0.24345451137968,0.147996467863937,-0.285688087274927
"SKP1",0.111672607449226,-0.225073489369451,0.203623641932565,-0.233848914147653
"MRPL46",NA,-0.25381085883144,0.293354078236184,-0.263207506499519
"H2AFV",NA,-0.294843945141115,0.22105852060382,-0.119370958849164
"PGM2L1",0.133749335086152,-0.244438400993968,0.146213724408371,-0.127230631999748
"KIF5B",0.104215936407858,-0.238547704178839,0.105422688815365,NA
"TNFRSF1B",-0.305464195456332,0.338698780008082,NA,NA
"GAPDH",NA,0.208723670877121,-0.104044729243861,-0.214630233921481
"RPS10",0.138868753362547,0.166262024112326,-0.475759966150515,0.289961493491191
"RPL36A",0.224714293020782,0.116765382595988,-0.424337024283659,0.159394301459951
"EED",NA,-0.275437532714678,0.462874591406611,-0.522610191707568
"RPL41",NA,0.117020191988195,-0.254882110346125,0.143790616365052
"PGAM1",NA,-0.238044132241825,0.364532490094771,-0.514919321593715
"PRKCDBP",-0.239621547652697,-0.273437072050273,0.592146558792924,-0.391570463514151
"HLA-F",NA,-0.206165014194143,0.320184630026764,-0.30210080658455
"RAB11A",NA,-0.189526769551543,0.315964265751994,-0.339584024729063
"CACYBP",NA,-0.286458263279156,0.371134104206368,-0.258026306798872
"RBX1",NA,-0.186313510795681,0.297682681416938,-0.286319482793007
"BZW1",NA,-0.198854433436262,0.354408193715959,-0.230785766984345
"HSPA1A",NA,-0.244016371833557,0.11828857513442,NA
"PKM",NA,-0.15484327704708,0.296397669665942,-0.473394043698096
"IGFBP4",NA,-0.194067662478767,0.320869844744728,-0.225616227453055
"TPT1",0.12046514293792,NA,-0.186241442198598,NA
"TRADD",NA,-0.226933532577514,0.290142351945098,-0.355719550092651
"HOPX",0.238668535269687,0.172435086163754,-0.570911816040772,0.262460998046459
"IFIT5",NA,-0.187996633160972,0.23212600089258,-0.249814962634673
"FOXP1",NA,-0.263779038308154,0.288086486574374,-0.228117177039187
"CCL5",0.561786550580471,-1.41537131824623,1.02268880221392,-2.31418413910469
"CDC42",NA,-0.187922640672719,0.254590052929624,-0.238126956895785
"TRIM22",NA,-0.259967351458014,0.307698291184529,-0.248507745807497
"IKZF1",-0.193271452032111,0.228238210039674,-0.300802336767827,0.408696403282431
"RBM8A",NA,-0.208178542388317,0.267890380530178,-0.21255140164228
"LSM6",NA,-0.210254070682407,0.279663697396709,-0.189298881244873
"JAML",-0.163063664108239,-0.307003419838685,0.398414858744937,NA
"DHX58",NA,-0.202924472903372,0.285042171374622,-0.266741348457729
"PTGES3",-0.148023966974927,NA,0.24244147051622,NA
"MT-ATP6",NA,NA,-0.329181275459216,0.50049748950306
"TNFSF10",NA,-0.22146964542422,0.423116153213938,-0.743799475014122
"SP100",0.12182942813985,-0.196202307327892,0.262351534297083,-0.432812300899118
"CTNNA1",NA,-0.171452285526991,0.225602047459315,-0.16886630919797
"GPSM3",0.12662461105544,-0.189430792915685,0.271107255476174,-0.475957274499017
"LAMP3",NA,-0.11195026019261,0.17190626186826,-0.172052427251822
"ESD",NA,-0.130196220510119,0.259294872619184,-0.212328535088364
"UNC93B1",NA,-0.177963389790029,0.181936381654692,-0.19995060519701
"NFKBIA",0.146391656436444,-0.279328987361341,0.405723089066512,-0.697679153611003
"PI4K2B",NA,-0.175228318817381,0.217371351076446,-0.114008652822463
"DNAJC12",NA,-0.355449415539592,0.441183911403891,-0.473022711155176
"TMX1",NA,-0.197580545654417,0.237694184331514,-0.188047239463876
"MCL1",NA,-0.153485353024234,0.315307012033081,-0.369798151964681
"ERH",NA,-0.174877601809478,0.253572084925789,-0.156676214742658
"DDIT4",NA,NA,0.409448655933704,-0.880178046276144
"FKBP1B",NA,-0.103274764149879,0.117510499572037,NA
"IFITM2",NA,-0.23925534141511,0.308966187130899,-0.302464384420149
"RPL28",NA,NA,-0.116718932242379,NA
"BMPR2",NA,NA,0.130349018568657,NA
"LPCAT2",NA,NA,0.136107108475552,NA
"H1FX",NA,-0.266996127610208,0.347210608974895,-0.125320964365473
"LMCD1",NA,-0.156904173495719,0.20055446127734,-0.179285091667662
"SAMD9",0.114218092730896,-0.248069116897601,0.379563672472892,-0.490863268960056
"ANXA6",0.1162550930829,-0.226277975935724,0.257543597329138,-0.358110452239419
"ITK",NA,-0.130873199004214,0.212912893373294,-0.219426637042778
"UBL5",NA,NA,0.190272188094351,-0.161670160694424
"ODF3B",0.120922292602488,-0.181627372574889,0.162065078208917,-0.233750457788047
"DPM1",NA,-0.200833286095214,0.255564373354348,-0.192632434937039
"LAG3",NA,NA,0.364563196589997,-0.539313386887281
"FNDC9",NA,NA,0.115156789298125,NA
"OPTN",0.249832081995253,-0.315559184642644,0.274312308491547,-0.523280234338013
"LINC00869",NA,-0.150682536883318,0.158178353894644,NA
"NAPA",0.190808054935659,-0.24244501799094,0.23884076570742,-0.439109961343029
"SDC4",NA,-0.141049805182015,0.181536652883144,-0.16447614914031
"SNHG25",NA,0.144571568860478,-0.218540341887327,0.192649638275011
"YARS",NA,-0.181681453716843,0.22697697602125,NA
"PLK3",NA,-0.131201347613144,0.260277509060195,-0.156250641245919
"PRDX4",NA,-0.220098473697147,0.250376388835693,-0.26433823119922
"PFKP",NA,-0.13469412599028,0.257285544148244,-0.247500007685765
"CXCR3",NA,-0.230916407157926,0.313950150298744,-0.27674058109246
"UBE2N",NA,-0.241151295239402,0.259331106413391,-0.196774068556832
"ATP2C1",NA,-0.151347076454344,0.183595634261614,-0.153672887898015
"YIPF5",0.10324592049892,-0.201059990897139,0.19353346963128,-0.235505668932689
"SPPL2A",NA,-0.15381198187368,0.215320729842722,-0.282353814707247
"RHOU",NA,NA,0.108345851072919,NA
"ADO",NA,NA,0.128292886481083,NA
"CAP1",NA,-0.131587084835179,0.214904940692479,-0.182797084638329
"CXCL10",-0.351531092995026,-0.401401902428678,0.908245653319126,-0.798245247472312
"PCMT1",NA,-0.166230217165999,0.213616127088263,-0.285912201444667
"ARF5",NA,-0.11892863783585,0.231869089095569,-0.207880735544694
"WARS",NA,-0.278254586297321,0.315386274587957,-0.307379574958973
"EXOC2",NA,-0.275854556416021,0.342769745721024,-0.403290186535405
"B2M",NA,-0.134209746648422,0.161118157922044,-0.200808759161236
"RAN",NA,-0.124640794229439,0.21684786172441,-0.118689998747203
"CNDP2",NA,-0.222767459469971,0.240590686080267,-0.157972017102035
"DNASE2",NA,-0.184545331148172,0.206524685073964,-0.161540397502051
"ZFYVE21",NA,-0.128373431899199,0.133159248562801,-0.136890356528118
"DHRS3",-0.164783157249366,NA,0.216548667701389,NA
"HM13",NA,-0.179236543652256,0.255908154742114,-0.361525530045251
"SON",NA,-0.144951479638837,0.217121464109574,NA
"CCDC167",NA,0.204777431694113,-0.249762953857702,0.247617335272971
"MAT2B",NA,-0.194360720221008,0.210664904634346,-0.114836093577632
"CNP",0.130585818466898,-0.247413897521333,0.206832511816845,-0.240263551075794
"TNIP1",0.112461491551197,-0.245809341410836,0.274240772828583,-0.355442165980149
"ACTB",NA,-0.202983954967713,0.273584853881514,-0.340552585158227
"SLC38A5",0.153860338539512,-0.19802918046581,0.171767722148568,-0.289672851679563
"TGM1",NA,NA,0.11461385550177,NA
"HNRNPA0",NA,-0.1941908181568,0.20811146594315,-0.106988027586743
"STK38L",NA,-0.154036978959675,0.23461094558541,-0.142477557747797
"TMEM179B",NA,-0.167032028893454,0.176815817552966,-0.118687743785906
"GLOD4",NA,-0.152684710280104,0.180097431991669,-0.124183536478955
"FBXO6",NA,-0.183599108293453,0.194735864154143,-0.113976147866751
"DHPS",NA,NA,0.204507187008292,-0.18811779852323
"PSMB10",NA,-0.111392140037348,0.231140979680808,-0.154050366851324
"MSRB1",NA,-0.179870576222496,0.2184293628473,-0.189675248205693
"TRAF1",0.16225165976715,-0.247044553640344,0.245854257308036,-0.388296698727351
"RPP38",NA,-0.11615454250227,0.148522736258508,-0.140569597390643
"SRSF2",-0.191550388921013,-0.149408838599888,0.233116814111937,NA
"TPI1",NA,NA,0.231166217424681,-0.45773871146237
"RPP30",0.169415884625004,-0.223943737277887,0.209563670949015,-0.359799777670497
"RP11-138A9.2",NA,-0.264543805075722,0.321030961932324,-0.228871972100261
"OAS2",NA,-0.176982974211245,0.208900926720801,-0.202742510561486
"PFKL",NA,-0.114967705160709,0.201653353162735,-0.172208793582548
"GIMAP7",0.162641956703874,-0.32560945375195,0.392938401784606,-0.611408056790863
"DERL1",NA,-0.180617829727869,0.177135398241845,-0.21305529385387
"LCP2",NA,-0.232378818870499,0.239475210605347,-0.163862936248138
"PCBP1",NA,-0.206256795245789,0.1813621113257,-0.101671327063223
"AKIP1",NA,-0.114889753951826,0.1802187889481,-0.195494949086769
"RAB5C",NA,-0.15651888873273,0.196417171162453,-0.148257093155159
"SF3B2",NA,-0.102264850384397,0.194100802878069,-0.145044673806793
"ADSS",NA,-0.184360238261793,0.212757305033953,NA
"TNIP2",NA,-0.239305590542799,0.246951833305422,-0.263074346233354
"KLF10",NA,NA,0.103850482769028,-0.129815968539415
"RNH1",NA,-0.182471798997103,0.215036917852433,-0.114263150069798
"STAT1",-0.11434638223592,NA,0.234815874227568,-0.109290014277977
"CCR4",NA,-0.163539888719779,0.243310621051247,-0.189568532596898
"SNX3",NA,-0.134189968889397,0.191656336666956,-0.31626914021972
"NBEAL1",NA,0.112887231837861,-0.194712228767246,0.13787355501315
"FABP5",0.119913493845453,-0.421165538042329,0.414185967201589,-0.40661883504505
"IKZF4",NA,-0.137636068096072,0.13105017353548,NA
"RGS1",0.336938346602401,-0.241127331123654,0.562527411526982,-0.945784731786541
"XRCC6",NA,-0.133059127040213,0.211170445214469,-0.216723057682837
"NOL7",NA,-0.155935285624136,0.200722423097519,NA
"C15orf48",NA,NA,0.184082686316616,-0.283081340373157
"ETS1",-0.237041735949103,0.230369185374527,-0.247049539099774,0.385160571838561
"MAGOH",NA,-0.221849475419832,0.20172022905182,-0.141817851682332
"ACOT7",NA,-0.249204034342438,0.240542764348016,-0.211373756275727
"TMEM59",NA,NA,0.17594138191306,-0.289402605746324
"CCND2",0.115064119362754,-0.179577472286075,0.348714751467353,-0.668255944500168
"TUBB",0.120062197794571,-0.259397387108934,0.465761546298396,-0.431556898306699
"LMNB1",NA,-0.160408078424133,0.216673279692268,-0.145485830012118
"PSMA4",NA,-0.152009089080794,0.209043106941754,NA
"RNF125",-0.177957744063678,-0.162634089126698,-0.158365174761504,0.676206971511254
"RBM47",NA,NA,NA,0.118701132926191
"HIST1H1D",-0.519836285527025,NA,NA,0.792031642203237
"LIMA1",-0.11414880887329,-0.237745250267533,NA,0.54688686999739
"RRS1",-0.140814204127191,-0.297461009612573,-0.30565891510699,0.944332372589751
"KLF3",-0.111830781235926,NA,-0.113125328465697,0.248432869788067
"RGS9",NA,NA,-0.110226463900233,0.213113802274399
"SLC39A8",-0.160531195508667,NA,-0.197585277393022,0.407559945107564
"KLF2",NA,NA,NA,0.277938420182787
"EHD4",0.140827365027691,-0.142369423353521,0.200928804378858,-0.425204625788286
"NDFIP1",0.15855824570318,-0.109223960551537,0.151189474381185,-0.407563244435367
"HADHA",-0.179105803384477,NA,NA,0.342717506672535
"RAD21",-0.176669349947356,NA,-0.130845429981629,0.412511784377863
"YBX1",-0.227993341886408,0.231531353246532,-0.242167275613545,0.365570107583699
"PDE3B",-0.119641441070823,NA,NA,0.248073759587492
"LINC01588",0.127253267842165,-0.153779946627187,0.282556451878333,-0.573301615591538
"PPDPF",NA,NA,0.220114592156952,-0.407861368834847
"SLC26A4-AS1",NA,NA,NA,0.101777165671418
"HELLS",-0.186914103512852,NA,-0.10344835938783,0.403894017974515
"HIST1H1B",-0.650569161626733,0.285229726540295,-0.357314854973887,0.874230227423172
"PPP1R14A",NA,NA,NA,0.108376020155196
"PTPN11",NA,NA,-0.112010635956673,0.297236488819691
"EPRS",-0.208986278502537,NA,NA,0.340039641663187
"EMP3",0.20131143679226,-0.162444344279499,0.153588172334762,-0.40545766009203
"RBL2",-0.119947337362214,NA,-0.136332068320005,0.264313502044266
"HIST1H1E",-0.459099020440778,NA,-0.153747752162373,0.677532163107288
"NINJ1",0.191285583174078,-0.224002041521344,0.231603472931907,-0.45575447998265
"TGFBR3",NA,NA,NA,0.139974464390483
"MAP1LC3B",0.183985978351135,-0.212785007450438,0.207708531342709,-0.404490589203083
"MPHOSPH9",-0.154647587662604,NA,NA,0.25317897881517
"LBR",-0.221453171854971,NA,-0.102481771685832,0.402499585336204
"EIF3A",-0.170455061303543,-0.106439541903612,NA,0.331890283719721
"HOMER2",NA,NA,NA,0.116925180609312
"SRGN",0.173816391678234,-0.189601132621835,0.283942069401127,-0.611922496572848
"SH2D2A",0.188531262641704,-0.228253320622217,0.222543345603029,-0.42113623766556
"ICOS",0.156351121536493,NA,0.154480661065053,-0.507465934145743
"FAM120A",-0.152331818438738,NA,NA,0.301962540006269
"PGK1",-0.147764155556804,0.116942056095601,0.241834053722633,-0.444001749800407
"GIMAP4",NA,NA,0.195042037190901,-0.563599860448284
"PTPRN2",NA,NA,NA,0.217542890421784
"AUH",-0.112082038053344,0.121187244559684,-0.171545225838326,0.267160678350629
"CD44",0.221273236116418,-0.193930727896969,0.182857225135207,-0.45877565220797
"CMTM6",0.161131249148326,-0.129450166675171,0.140513625368104,-0.352713145587312
"MAST4",0.159723819355886,-0.236144367536125,0.214301532322607,-0.330542475501264
"CD69",NA,-0.132052077942048,0.189642237612103,-0.21517739485047
"HSBP1L1",-0.135381669174557,NA,NA,0.202342255575768
"FXYD5",NA,NA,NA,-0.363641067390575
"LSM2",0.14616211446387,-0.136241888594748,0.143233241537768,-0.317342555857333
"CD68",0.208129355909613,-0.110403972621734,NA,-0.341032136537798
"BTG1",0.250229962474204,-0.356019151248558,0.338681846234882,-0.615094810693054
"FAS",0.193338475555779,NA,NA,-0.369361918857549
"FBLN5",NA,NA,NA,0.101818332855707
"HIST2H2AC",-0.282589408170639,NA,NA,0.501300398910102
"CREM",0.160192687805994,NA,0.135508123103308,-0.3947883137242
"PSTPIP2",NA,NA,NA,0.133363013174629
"NCALD",NA,NA,-0.111322247557236,0.186377475842746
"CTNNAL1",-0.13488243094652,NA,NA,0.333086810480024
"SLC16A3",0.148715591560181,-0.116186342966713,0.189575978545741,-0.463297541050145
"SAT1",0.206703754359977,NA,NA,-0.402854585423051
"IFIT2",0.305119178097274,NA,NA,-0.801240904322353
"CEP55",-0.182523904210855,-0.117669447617128,NA,0.498883436190342
"C4orf3",-0.100303115740711,0.209486799956857,0.192150984712263,-0.307583056275629
"MT-CO3",NA,-0.123281265230468,-0.146178404478313,0.294206270720455
"ARF6",NA,-0.143419613066837,0.201729589363802,-0.304054562725893
"ANXA5",NA,NA,0.147880358424294,-0.321297838202256
"PTP4A2",NA,NA,NA,0.270063896083074
"CTC-260E6.6",NA,NA,NA,0.118600598647923
"MYB",NA,NA,-0.104326035574707,0.272288028504706
"LINC01215",NA,NA,NA,0.178125504452112
"LCP1",-0.220524088406083,NA,NA,0.311087713632128
"BCL2L14",NA,NA,0.106655568692864,-0.279117824755185
"CYTIP",NA,0.254448831403211,NA,-0.438877020332602
"IPO5",-0.125151571194843,NA,-0.113508343374327,0.267669549742298
"HIST1H1C",-0.419000410041713,NA,NA,0.532750904071063
"AAED1",0.136025807001964,-0.198057265371458,0.197486349726982,-0.310855714897829
"TBL1XR1",-0.142635803586562,NA,NA,0.212671380604371
"PABPC4",-0.114341110265285,NA,NA,0.241897693504761
"ZNF770",-0.150967625679638,NA,NA,0.233559790368059
"HRH2",NA,NA,NA,0.112248998076185
"NEIL3",NA,NA,NA,0.179077821290391
"AOAH",NA,NA,NA,0.134989751647598
"DDX17",-0.143284826710017,NA,NA,0.271252818229521
"FLJ21408",NA,NA,NA,0.126860897497949
"SCD",-0.119413299000996,NA,NA,0.154443190317427
"NRDC",NA,NA,NA,0.252599099425802
"NAPSA",0.344302967746948,-0.477526117894428,0.313175842249309,-0.553837452076574
"AC006129.2",NA,NA,NA,0.15911344644177
"SET",-0.193881396172217,-0.129684114643846,NA,0.270995682437532
"TWF2",0.168110451387469,-0.154610001031193,0.126486259138927,-0.29277752236449
"MAPK6",NA,NA,NA,0.175282822880499
